perturbation,category,expected_angle,n_img,iou,slope_median,lane_recall
ไม่ทำอะไร (identity),normal,0.0,400,1.0,0.0,1.0
ไม่ทำอะไร (identity),curve,0.0,400,1.0,0.0,1.0
ไม่ทำอะไร (identity),night,0.0,400,1.0,0.0,1.0
เลื่อนขวา 5px,normal,0.0,400,0.5828949413037917,7.105427357601002e-15,1.0
เลื่อนขวา 5px,curve,0.0,400,0.6084873560845085,0.0,1.0
เลื่อนขวา 5px,night,0.0,400,0.5783827418116503,7.105427357601002e-15,1.0
เลื่อนขวา 10px,normal,0.0,400,0.3130431330963302,7.105427357601002e-15,1.0
เลื่อนขวา 10px,curve,0.0,400,0.34986814507120895,0.0,1.0
เลื่อนขวา 10px,night,0.0,400,0.30670134225435486,7.105427357601002e-15,1.0
เลื่อนขวา 20px,normal,0.0,400,0.0834801322428847,7.105427357601002e-15,1.0
เลื่อนขวา 20px,curve,0.0,400,0.11584902760947845,3.552713678800501e-15,1.0
เลื่อนขวา 20px,night,0.0,400,0.07567619625866186,7.105427357601002e-15,1.0
เลื่อนขวา 30px,normal,0.0,400,0.033062684867994865,7.105427357601002e-15,1.0
เลื่อนขวา 30px,curve,0.0,400,0.04280939029528568,0.0,1.0
เลื่อนขวา 30px,night,0.0,400,0.01994129670518466,0.0,1.0
ขยายเส้นหนา 5px,normal,0.0,400,0.6682735260540799,0.15937679262619753,0.8549679487179487
ขยายเส้นหนา 5px,curve,0.0,400,0.67181780076838,0.19936112799629413,0.8462946020128088
ขยายเส้นหนา 5px,night,0.0,400,0.6694198651276281,0.16238758587479296,0.852558542931483
ขยายเส้นหนา 9px,normal,0.0,400,0.5022704876908138,0.49812644005479,0.7091346153846154
ขยายเส้นหนา 9px,curve,0.0,400,0.5069585105509261,0.6111733556177654,0.7136322049405307
ขยายเส้นหนา 9px,night,0.0,400,0.5035244534242239,0.4135094285300198,0.7198612315698178
หรอเส้นบาง 5px,normal,0.0,400,0.5076373781502425,0.07980711018916509,0.9975961538461539
หรอเส้นบาง 5px,curve,0.0,400,0.5151659003286757,0.13848954385180434,0.9954254345837146
หรอเส้นบาง 5px,night,0.0,400,0.5099704228257884,0.06810269289209714,0.9921942758022549
หมุนเลน 1°,normal,1.0,400,0.7559174371493026,0.9959690401913406,0.9967948717948718
หมุนเลน 1°,curve,1.0,400,0.7798091462918489,0.9920641809908375,0.9844464775846294
หมุนเลน 1°,night,1.0,400,0.7520065035287936,0.9945761742935844,0.9921942758022549
หมุนเลน 2°,normal,2.0,400,0.5660745448062603,1.9823278148267036,0.9831730769230769
หมุนเลน 2°,curve,2.0,400,0.6050888809968887,1.9598519363801685,0.9533394327538883
หมุนเลน 2°,night,2.0,400,0.5592122149277288,1.9878628608234123,0.986990459670425
หมุนเลน 3°,normal,3.0,400,0.4182637637354666,2.9776650154539546,0.9583333333333334
หมุนเลน 3°,curve,3.0,400,0.4697563407687809,2.960884561663221,0.9359560841720037
หมุนเลน 3°,night,3.0,400,0.41185372834009615,2.9768069679869313,0.9679098005203816
หมุนเลน 5°,normal,5.0,400,0.2411487999578747,4.9647008274686755,0.8886217948717948
หมุนเลน 5°,curve,5.0,400,0.3017000586879206,4.9386444008789,0.9002744739249772
หมุนเลน 5°,night,5.0,400,0.23892356829428382,4.961441786629592,0.9384215091066782
หมุนเลน 10°,normal,10.0,400,0.11598304643837634,9.929238348739649,0.7932692307692307
หมุนเลน 10°,curve,10.0,400,0.15004103590718817,9.908738892817901,0.8490393412625801
หมุนเลน 10°,night,10.0,400,0.11469772573631846,9.92229182099939,0.8230702515177797
ลบเลนทิ้ง 1 เส้น,normal,0.0,400,0.6740369534784542,0.0,0.686698717948718
ลบเลนทิ้ง 1 เส้น,curve,0.0,400,0.685417330243397,0.0,0.67612076852699
ลบเลนทิ้ง 1 เส้น,night,0.0,400,0.6642900011004031,0.0,0.6686903729401561
