filename,category,clip_id
curve__Chatuchak_road_curve02_0000.jpg,curve,Chatuchak_road_curve02
curve__Chatuchak_road_curve02_0001.jpg,curve,Chatuchak_road_curve02
curve__Chatuchak_road_curve02_0002.jpg,curve,Chatuchak_road_curve02
curve__Chatuchak_road_curve02_0003.jpg,curve,Chatuchak_road_curve02
curve__Chatuchak_road_curve02_0004.jpg,curve,Chatuchak_road_curve02
curve__Chatuchak_road_curve02_0005.jpg,curve,Chatuchak_road_curve02
curve__Chatuchak_road_curve02_0006.jpg,curve,Chatuchak_road_curve02
curve__Chatuchak_road_curve_0000.jpg,curve,Chatuchak_road_curve
curve__Chatuchak_road_curve_0001.jpg,curve,Chatuchak_road_curve
curve__Chatuchak_road_curve_0002.jpg,curve,Chatuchak_road_curve
curve__Chatuchak_road_curve_0003.jpg,curve,Chatuchak_road_curve
curve__Chatuchak_road_curve_0004.jpg,curve,Chatuchak_road_curve
curve__Chatuchak_road_curve_0005.jpg,curve,Chatuchak_road_curve
curve__Chatuchak_road_curve_0006.jpg,curve,Chatuchak_road_curve
curve__Chatuchak_road_curve_0007.jpg,curve,Chatuchak_road_curve
curve__Lumphaya_curve01_0000.jpg,curve,Lumphaya_curve01
curve__Lumphaya_curve01_0001.jpg,curve,Lumphaya_curve01
curve__Lumphaya_curve01_0002.jpg,curve,Lumphaya_curve01
curve__Lumphaya_curve01_0003.jpg,curve,Lumphaya_curve01
curve__Lumphaya_curve01_0004.jpg,curve,Lumphaya_curve01
curve__Lumphaya_curve01_0005.jpg,curve,Lumphaya_curve01
curve__Lumphaya_curve01_0006.jpg,curve,Lumphaya_curve01
curve__Lumphaya_curve01_0007.jpg,curve,Lumphaya_curve01
curve__Lumphaya_curve01_0008.jpg,curve,Lumphaya_curve01
curve__Lumphaya_curve01_0009.jpg,curve,Lumphaya_curve01
curve__Lumphaya_curve01_0010.jpg,curve,Lumphaya_curve01
curve__Lumphaya_curve01_0011.jpg,curve,Lumphaya_curve01
curve__Lumphaya_curve01_0012.jpg,curve,Lumphaya_curve01
curve__Phetchaburi_Rd_curve_0000.jpg,curve,Phetchaburi_Rd_curve
curve__Phetchaburi_Rd_curve_0001.jpg,curve,Phetchaburi_Rd_curve
curve__Phetchaburi_Rd_curve_0002.jpg,curve,Phetchaburi_Rd_curve
curve__Phetchaburi_Rd_curve_0003.jpg,curve,Phetchaburi_Rd_curve
curve__Phetchaburi_Rd_curve_0004.jpg,curve,Phetchaburi_Rd_curve
curve__Phetchaburi_Rd_curve_0005.jpg,curve,Phetchaburi_Rd_curve
curve__Phetchaburi_Rd_curve_0006.jpg,curve,Phetchaburi_Rd_curve
curve__Phetchaburi_Rd_curve_0007.jpg,curve,Phetchaburi_Rd_curve
curve__Phetchaburi_Rd_curve_0008.jpg,curve,Phetchaburi_Rd_curve
curve__Phetchaburi_Rd_curve_0009.jpg,curve,Phetchaburi_Rd_curve
curve__Phetchaburi_Rd_curve_0010.jpg,curve,Phetchaburi_Rd_curve
curve__Phetchaburi_Rd_curve_0011.jpg,curve,Phetchaburi_Rd_curve
curve__Phetchaburi_Rd_curve_0012.jpg,curve,Phetchaburi_Rd_curve
curve__Phetchaburi_Rd_curve_0013.jpg,curve,Phetchaburi_Rd_curve
curve__Phetchaburi_Rd_curve_0014.jpg,curve,Phetchaburi_Rd_curve
curve__Phetchaburi_Rd_curve_0015.jpg,curve,Phetchaburi_Rd_curve
curve__Phetchaburi_Rd_curve_0016.jpg,curve,Phetchaburi_Rd_curve
curve__Phetchaburi_Rd_curve_0017.jpg,curve,Phetchaburi_Rd_curve
curve__Phetchaburi_Rd_curve_0018.jpg,curve,Phetchaburi_Rd_curve
curve__Phetchaburi_Rd_curve_0019.jpg,curve,Phetchaburi_Rd_curve
curve__Phetchaburi_Rd_curve_0020.jpg,curve,Phetchaburi_Rd_curve
curve__Phetchaburi_Rd_curve_0021.jpg,curve,Phetchaburi_Rd_curve
curve__Phetchaburi_Rd_curve_0022.jpg,curve,Phetchaburi_Rd_curve
curve__Phetchaburi_Rd_curve_0023.jpg,curve,Phetchaburi_Rd_curve
curve__Phetchaburi_road_curve02_0000.jpg,curve,Phetchaburi_road_curve02
curve__Phetchaburi_road_curve02_0001.jpg,curve,Phetchaburi_road_curve02
curve__Phetchaburi_road_curve02_0002.jpg,curve,Phetchaburi_road_curve02
curve__Phetchaburi_road_curve02_0003.jpg,curve,Phetchaburi_road_curve02
curve__Phetchaburi_road_curve02_0004.jpg,curve,Phetchaburi_road_curve02
curve__Phetchaburi_road_curve02_0005.jpg,curve,Phetchaburi_road_curve02
curve__Phetchaburi_road_curve02_0006.jpg,curve,Phetchaburi_road_curve02
curve__Phetchaburi_road_curve02_0007.jpg,curve,Phetchaburi_road_curve02
curve__Phetchaburi_road_curve02_0008.jpg,curve,Phetchaburi_road_curve02
curve__Phetchaburi_road_curve02_0009.jpg,curve,Phetchaburi_road_curve02
curve__Phetchaburi_road_curve02_0010.jpg,curve,Phetchaburi_road_curve02
curve__Phetchaburi_road_curve02_0011.jpg,curve,Phetchaburi_road_curve02
curve__Phetchaburi_road_curve02_0012.jpg,curve,Phetchaburi_road_curve02
curve__Phetchaburi_road_curve02_0013.jpg,curve,Phetchaburi_road_curve02
curve__Phetchaburi_road_curve02_0014.jpg,curve,Phetchaburi_road_curve02
curve__Phetchaburi_road_curve02_0015.jpg,curve,Phetchaburi_road_curve02
curve__Phetchaburi_road_curve02_0016.jpg,curve,Phetchaburi_road_curve02
curve__Phetchaburi_road_curve02_0017.jpg,curve,Phetchaburi_road_curve02
curve__Phetchaburi_road_curve02_0018.jpg,curve,Phetchaburi_road_curve02
curve__Phetchaburi_road_curve02_0019.jpg,curve,Phetchaburi_road_curve02
curve__Phetchaburi_road_curve02_0020.jpg,curve,Phetchaburi_road_curve02
curve__Phetchaburi_road_curve02_0021.jpg,curve,Phetchaburi_road_curve02
curve__Phetchaburi_road_curve02_0022.jpg,curve,Phetchaburi_road_curve02
curve__Phetchaburi_road_curve02_0023.jpg,curve,Phetchaburi_road_curve02
curve__Phetchaburi_road_cuvre03_0000.jpg,curve,Phetchaburi_road_cuvre03
curve__Phetchaburi_road_cuvre03_0001.jpg,curve,Phetchaburi_road_cuvre03
curve__Phetchaburi_road_cuvre03_0002.jpg,curve,Phetchaburi_road_cuvre03
curve__Phetchaburi_road_cuvre03_0003.jpg,curve,Phetchaburi_road_cuvre03
curve__Phetchaburi_road_cuvre03_0004.jpg,curve,Phetchaburi_road_cuvre03
curve__Phetchaburi_road_cuvre03_0005.jpg,curve,Phetchaburi_road_cuvre03
curve__Phetchaburi_road_cuvre03_0006.jpg,curve,Phetchaburi_road_cuvre03
curve__Phetchaburi_road_cuvre03_0007.jpg,curve,Phetchaburi_road_cuvre03
curve__Phetchaburi_road_cuvre03_0008.jpg,curve,Phetchaburi_road_cuvre03
curve__Pratunam_roade_curve_0000.jpg,curve,Pratunam_roade_curve
curve__Pratunam_roade_curve_0001.jpg,curve,Pratunam_roade_curve
curve__Pratunam_roade_curve_0002.jpg,curve,Pratunam_roade_curve
curve__Pratunam_roade_curve_0003.jpg,curve,Pratunam_roade_curve
curve__Pratunam_roade_curve_0004.jpg,curve,Pratunam_roade_curve
curve__Pratunam_roade_curve_0005.jpg,curve,Pratunam_roade_curve
curve__Pratunam_roade_curve_0006.jpg,curve,Pratunam_roade_curve
curve__Pratunam_roade_curve_0007.jpg,curve,Pratunam_roade_curve
curve__Pratunam_roade_curve_0008.jpg,curve,Pratunam_roade_curve
curve__Pratunam_roade_curve_0009.jpg,curve,Pratunam_roade_curve
curve__Pratunam_roade_curve_0010.jpg,curve,Pratunam_roade_curve
curve__Pratunam_roade_curve_0011.jpg,curve,Pratunam_roade_curve
curve__Pratunam_roade_curve_0012.jpg,curve,Pratunam_roade_curve
curve__Pratunam_roade_curve_0013.jpg,curve,Pratunam_roade_curve
curve__Pratunam_roade_curve_0014.jpg,curve,Pratunam_roade_curve
curve__Tollway_road_curve01_0000.jpg,curve,Tollway_road_curve01
curve__Tollway_road_curve01_0001.jpg,curve,Tollway_road_curve01
curve__Tollway_road_curve01_0002.jpg,curve,Tollway_road_curve01
curve__Tollway_road_curve01_0003.jpg,curve,Tollway_road_curve01
curve__Tollway_road_curve01_0004.jpg,curve,Tollway_road_curve01
curve__Tollway_road_curve01_0005.jpg,curve,Tollway_road_curve01
curve__Tollway_road_curve01_0006.jpg,curve,Tollway_road_curve01
curve__Tollway_road_curve01_0007.jpg,curve,Tollway_road_curve01
curve__Tollway_road_curve01_0008.jpg,curve,Tollway_road_curve01
curve__Tollway_road_curve01_0009.jpg,curve,Tollway_road_curve01
curve__Tollway_road_curve01_0010.jpg,curve,Tollway_road_curve01
curve__Tollway_road_curve01_0011.jpg,curve,Tollway_road_curve01
curve__Tollway_road_curve01_0012.jpg,curve,Tollway_road_curve01
curve__Tollway_road_curve01_0013.jpg,curve,Tollway_road_curve01
curve__Tollway_road_curve01_0014.jpg,curve,Tollway_road_curve01
curve__Tollway_road_curve01_0015.jpg,curve,Tollway_road_curve01
curve__Tollway_road_curve01_0016.jpg,curve,Tollway_road_curve01
curve__Tollway_road_curve01_0017.jpg,curve,Tollway_road_curve01
curve__Tollway_road_curve03_0000.jpg,curve,Tollway_road_curve03
curve__Tollway_road_curve03_0001.jpg,curve,Tollway_road_curve03
curve__Tollway_road_curve03_0002.jpg,curve,Tollway_road_curve03
curve__Tollway_road_curve03_0003.jpg,curve,Tollway_road_curve03
curve__Tollway_road_curve03_0004.jpg,curve,Tollway_road_curve03
curve__Tollway_road_curve03_0005.jpg,curve,Tollway_road_curve03
curve__Tollway_road_curve03_0006.jpg,curve,Tollway_road_curve03
curve__Tollway_road_curve03_0007.jpg,curve,Tollway_road_curve03
curve__Tollway_road_curve03_0008.jpg,curve,Tollway_road_curve03
curve__Tollway_road_curve03_0009.jpg,curve,Tollway_road_curve03
curve__Tollway_road_curve03_0010.jpg,curve,Tollway_road_curve03
curve__Tollway_road_curve03_0011.jpg,curve,Tollway_road_curve03
curve__Tollway_road_curve03_0012.jpg,curve,Tollway_road_curve03
curve__Tollway_road_curve03_0013.jpg,curve,Tollway_road_curve03
curve__Tollway_road_curve03_0014.jpg,curve,Tollway_road_curve03
curve__Tollway_road_curve04_0000.jpg,curve,Tollway_road_curve04
curve__Tollway_road_curve04_0001.jpg,curve,Tollway_road_curve04
curve__Tollway_road_curve04_0002.jpg,curve,Tollway_road_curve04
curve__Tollway_road_curve04_0003.jpg,curve,Tollway_road_curve04
curve__Tollway_road_curve04_0004.jpg,curve,Tollway_road_curve04
curve__Tollway_road_curve04_0005.jpg,curve,Tollway_road_curve04
curve__Tollway_road_curve04_0006.jpg,curve,Tollway_road_curve04
curve__Tollway_road_curve04_0007.jpg,curve,Tollway_road_curve04
curve__Tollway_road_curve04_0008.jpg,curve,Tollway_road_curve04
curve__Tollway_road_curve04_0009.jpg,curve,Tollway_road_curve04
curve__Tollway_road_curve04_0010.jpg,curve,Tollway_road_curve04
curve__Tollway_road_curve04_0011.jpg,curve,Tollway_road_curve04
curve__Tollway_road_curve04_0012.jpg,curve,Tollway_road_curve04
curve__Tollway_road_curve04_0013.jpg,curve,Tollway_road_curve04
curve__Tollway_road_curve04_0014.jpg,curve,Tollway_road_curve04
curve__Tollway_road_curve04_0015.jpg,curve,Tollway_road_curve04
curve__Tollway_road_curve04_0016.jpg,curve,Tollway_road_curve04
curve__Tollway_road_curve04_0017.jpg,curve,Tollway_road_curve04
curve__Tollway_road_curve04_0018.jpg,curve,Tollway_road_curve04
curve__Tollway_road_curve04_0019.jpg,curve,Tollway_road_curve04
curve__Tollway_road_curve04_0020.jpg,curve,Tollway_road_curve04
curve__Tollway_road_curve04_0021.jpg,curve,Tollway_road_curve04
curve__Tollway_road_curve04_0022.jpg,curve,Tollway_road_curve04
curve__Tollway_road_curve04_0023.jpg,curve,Tollway_road_curve04
curve__Tollway_road_curve04_0024.jpg,curve,Tollway_road_curve04
curve__Tollway_road_curve04_0025.jpg,curve,Tollway_road_curve04
curve__Tollway_road_curve04_0026.jpg,curve,Tollway_road_curve04
curve__Tollway_road_curve04_0027.jpg,curve,Tollway_road_curve04
curve__Tollway_road_curve04_0028.jpg,curve,Tollway_road_curve04
curve__Tollway_road_curve05_0000.jpg,curve,Tollway_road_curve05
curve__Tollway_road_curve05_0001.jpg,curve,Tollway_road_curve05
curve__Tollway_road_curve05_0002.jpg,curve,Tollway_road_curve05
curve__Tollway_road_curve05_0003.jpg,curve,Tollway_road_curve05
curve__Tollway_road_curve05_0004.jpg,curve,Tollway_road_curve05
curve__Tollway_road_curve05_0005.jpg,curve,Tollway_road_curve05
curve__Tollway_road_curve05_0006.jpg,curve,Tollway_road_curve05
curve__Tollway_road_curve05_0007.jpg,curve,Tollway_road_curve05
curve__Tollway_road_curve05_0008.jpg,curve,Tollway_road_curve05
curve__Tollway_road_curve05_0009.jpg,curve,Tollway_road_curve05
curve__Tollway_road_curve05_0010.jpg,curve,Tollway_road_curve05
curve__Tollway_road_curve05_0011.jpg,curve,Tollway_road_curve05
curve__Tollway_road_curve05_0012.jpg,curve,Tollway_road_curve05
curve__Tollway_road_curve05_0013.jpg,curve,Tollway_road_curve05
curve__Tollway_road_curve05_0014.jpg,curve,Tollway_road_curve05
curve__Tollway_road_curve05_0015.jpg,curve,Tollway_road_curve05
curve__Tollway_road_curve05_0016.jpg,curve,Tollway_road_curve05
curve__Tollway_road_curve05_0017.jpg,curve,Tollway_road_curve05
curve__Tollway_road_curve05_0018.jpg,curve,Tollway_road_curve05
curve__Tollway_road_curve05_0019.jpg,curve,Tollway_road_curve05
curve__Tollway_road_curve05_0020.jpg,curve,Tollway_road_curve05
curve__Tollway_road_curve05_0021.jpg,curve,Tollway_road_curve05
curve__Tollway_road_curve05_0022.jpg,curve,Tollway_road_curve05
curve__Tollway_road_curve05_0023.jpg,curve,Tollway_road_curve05
curve__Tollway_road_curve05_0024.jpg,curve,Tollway_road_curve05
curve__Tollway_road_curve05_0025.jpg,curve,Tollway_road_curve05
curve__Tollway_road_curve05_0026.jpg,curve,Tollway_road_curve05
curve__Tollway_road_curve05_0027.jpg,curve,Tollway_road_curve05
curve__Tollway_road_curve05_0028.jpg,curve,Tollway_road_curve05
curve__Tollway_road_curve05_0029.jpg,curve,Tollway_road_curve05
curve__Tollway_road_curve05_0030.jpg,curve,Tollway_road_curve05
curve__ramaIX_curve01_0000.jpg,curve,ramaIX_curve01
curve__ramaIX_curve01_0001.jpg,curve,ramaIX_curve01
curve__ramaIX_curve01_0002.jpg,curve,ramaIX_curve01
curve__ramaIX_curve01_0003.jpg,curve,ramaIX_curve01
curve__ramaIX_curve01_0004.jpg,curve,ramaIX_curve01
curve__ramaIX_curve01_0005.jpg,curve,ramaIX_curve01
curve__ramaIX_curve01_0006.jpg,curve,ramaIX_curve01
curve__ramaIX_curve01_0007.jpg,curve,ramaIX_curve01
curve__ramaIX_curve01_0008.jpg,curve,ramaIX_curve01
curve__ramaIX_curve01_0009.jpg,curve,ramaIX_curve01
curve__ramaIX_curve01_0010.jpg,curve,ramaIX_curve01
curve__ramaIX_curve01_0011.jpg,curve,ramaIX_curve01
curve__ramaIX_curve01_0012.jpg,curve,ramaIX_curve01
curve__ramaIX_curve01_0013.jpg,curve,ramaIX_curve01
curve__ramaIX_curve01_0014.jpg,curve,ramaIX_curve01
night__lumphaya_night01_0000.jpg,night,lumphaya_night01
night__lumphaya_night01_0001.jpg,night,lumphaya_night01
night__lumphaya_night01_0002.jpg,night,lumphaya_night01
night__lumphaya_night01_0003.jpg,night,lumphaya_night01
night__lumphaya_night01_0004.jpg,night,lumphaya_night01
night__lumphaya_night01_0005.jpg,night,lumphaya_night01
night__lumphaya_night01_0006.jpg,night,lumphaya_night01
night__lumphaya_night01_0007.jpg,night,lumphaya_night01
night__lumphaya_night01_0008.jpg,night,lumphaya_night01
night__lumphaya_night01_0009.jpg,night,lumphaya_night01
night__lumphaya_night01_0010.jpg,night,lumphaya_night01
night__lumphaya_night01_0011.jpg,night,lumphaya_night01
night__lumphaya_night01_0012.jpg,night,lumphaya_night01
night__lumphaya_night01_0013.jpg,night,lumphaya_night01
night__lumphaya_night01_0014.jpg,night,lumphaya_night01
night__lumphaya_night01_0015.jpg,night,lumphaya_night01
night__lumphaya_night01_0016.jpg,night,lumphaya_night01
night__lumphaya_night01_0017.jpg,night,lumphaya_night01
night__lumphaya_night01_0018.jpg,night,lumphaya_night01
night__lumphaya_night01_0019.jpg,night,lumphaya_night01
night__lumphaya_night01_0020.jpg,night,lumphaya_night01
night__lumphaya_night01_0021.jpg,night,lumphaya_night01
night__lumphaya_night01_0022.jpg,night,lumphaya_night01
night__lumphaya_night01_0023.jpg,night,lumphaya_night01
night__lumphaya_night01_0024.jpg,night,lumphaya_night01
night__lumphaya_night01_0025.jpg,night,lumphaya_night01
night__lumphaya_night01_0026.jpg,night,lumphaya_night01
night__lumphaya_night01_0027.jpg,night,lumphaya_night01
night__lumphaya_night01_0028.jpg,night,lumphaya_night01
night__lumphaya_night01_0029.jpg,night,lumphaya_night01
night__lumphaya_night01_0030.jpg,night,lumphaya_night01
night__lumphaya_night01_0031.jpg,night,lumphaya_night01
night__lumphaya_night01_0032.jpg,night,lumphaya_night01
night__lumphaya_night01_0033.jpg,night,lumphaya_night01
night__lumphaya_night01_0034.jpg,night,lumphaya_night01
night__lumphaya_night01_0035.jpg,night,lumphaya_night01
night__lumphaya_night01_0036.jpg,night,lumphaya_night01
night__lumphaya_night01_0037.jpg,night,lumphaya_night01
night__lumphaya_night01_0038.jpg,night,lumphaya_night01
night__lumphaya_night01_0039.jpg,night,lumphaya_night01
night__lumphaya_night01_0040.jpg,night,lumphaya_night01
night__lumphaya_night01_0041.jpg,night,lumphaya_night01
night__lumphaya_night01_0042.jpg,night,lumphaya_night01
night__lumphaya_night01_0043.jpg,night,lumphaya_night01
night__lumphaya_night01_0044.jpg,night,lumphaya_night01
night__lumphaya_night01_0045.jpg,night,lumphaya_night01
night__lumphaya_night01_0046.jpg,night,lumphaya_night01
night__lumphaya_night01_0047.jpg,night,lumphaya_night01
night__lumphaya_night01_0048.jpg,night,lumphaya_night01
night__lumphaya_night01_0049.jpg,night,lumphaya_night01
night__lumphaya_night01_0050.jpg,night,lumphaya_night01
night__lumphaya_night01_0051.jpg,night,lumphaya_night01
night__lumphaya_night01_0052.jpg,night,lumphaya_night01
night__lumphaya_night01_0053.jpg,night,lumphaya_night01
night__lumphaya_night01_0054.jpg,night,lumphaya_night01
night__lumphaya_night01_0055.jpg,night,lumphaya_night01
night__lumphaya_night01_0056.jpg,night,lumphaya_night01
night__lumphaya_night01_0057.jpg,night,lumphaya_night01
night__lumphaya_night01_0058.jpg,night,lumphaya_night01
night__lumphaya_night01_0059.jpg,night,lumphaya_night01
night__sirom_road_night02_0000.jpg,night,sirom_road_night02
night__sirom_road_night02_0001.jpg,night,sirom_road_night02
night__sirom_road_night02_0002.jpg,night,sirom_road_night02
night__sirom_road_night02_0003.jpg,night,sirom_road_night02
night__sirom_road_night02_0004.jpg,night,sirom_road_night02
night__sirom_road_night02_0005.jpg,night,sirom_road_night02
night__sirom_road_night02_0006.jpg,night,sirom_road_night02
night__sirom_road_night02_0007.jpg,night,sirom_road_night02
night__sirom_road_night02_0008.jpg,night,sirom_road_night02
night__sirom_road_night02_0009.jpg,night,sirom_road_night02
night__sirom_road_night02_0010.jpg,night,sirom_road_night02
night__sirom_road_night02_0011.jpg,night,sirom_road_night02
night__sirom_road_night02_0012.jpg,night,sirom_road_night02
night__sirom_road_night02_0013.jpg,night,sirom_road_night02
night__sirom_road_night02_0014.jpg,night,sirom_road_night02
night__sirom_road_night02_0015.jpg,night,sirom_road_night02
night__sirom_road_night02_0016.jpg,night,sirom_road_night02
night__sirom_road_night02_0017.jpg,night,sirom_road_night02
night__sirom_road_night02_0018.jpg,night,sirom_road_night02
night__sirom_road_night02_0019.jpg,night,sirom_road_night02
night__sirom_road_night02_0020.jpg,night,sirom_road_night02
night__sirom_road_night02_0021.jpg,night,sirom_road_night02
night__sirom_road_night02_0022.jpg,night,sirom_road_night02
night__sirom_road_night02_0023.jpg,night,sirom_road_night02
night__sirom_road_night02_0024.jpg,night,sirom_road_night02
night__sirom_road_night02_0025.jpg,night,sirom_road_night02
normal__Chatuchak_road01_0000.jpg,normal,Chatuchak_road01
normal__Chatuchak_road01_0001.jpg,normal,Chatuchak_road01
normal__Chatuchak_road01_0002.jpg,normal,Chatuchak_road01
normal__Chatuchak_road01_0003.jpg,normal,Chatuchak_road01
normal__Chatuchak_road01_0004.jpg,normal,Chatuchak_road01
normal__Chatuchak_road01_0005.jpg,normal,Chatuchak_road01
normal__Chatuchak_road03_0000.jpg,normal,Chatuchak_road03
normal__Chatuchak_road03_0001.jpg,normal,Chatuchak_road03
normal__Chatuchak_road03_0002.jpg,normal,Chatuchak_road03
normal__Chatuchak_road03_0003.jpg,normal,Chatuchak_road03
normal__Chatuchak_road03_0004.jpg,normal,Chatuchak_road03
normal__Chatuchak_road03_0005.jpg,normal,Chatuchak_road03
normal__Chatuchak_road03_0006.jpg,normal,Chatuchak_road03
normal__Chatuchak_road03_0007.jpg,normal,Chatuchak_road03
normal__Chatuchak_road03_0008.jpg,normal,Chatuchak_road03
normal__Chatuchak_road03_0009.jpg,normal,Chatuchak_road03
normal__Chatuchak_road03_0010.jpg,normal,Chatuchak_road03
normal__Chatuchak_road03_0011.jpg,normal,Chatuchak_road03
normal__Chatuchak_road03_0012.jpg,normal,Chatuchak_road03
normal__Chatuchak_road03_0013.jpg,normal,Chatuchak_road03
normal__Chatuchak_road04_0000.jpg,normal,Chatuchak_road04
normal__Chatuchak_road04_0001.jpg,normal,Chatuchak_road04
normal__Chatuchak_road04_0002.jpg,normal,Chatuchak_road04
normal__Chatuchak_road04_0003.jpg,normal,Chatuchak_road04
normal__Chatuchak_road04_0004.jpg,normal,Chatuchak_road04
normal__Chatuchak_road04_0005.jpg,normal,Chatuchak_road04
normal__Chatuchak_road04_0006.jpg,normal,Chatuchak_road04
normal__Chatuchak_road04_0007.jpg,normal,Chatuchak_road04
normal__Chatuchak_road04_0008.jpg,normal,Chatuchak_road04
normal__Chatuchak_road04_0009.jpg,normal,Chatuchak_road04
normal__Chatuchak_road04_0010.jpg,normal,Chatuchak_road04
normal__Chatuchak_road04_0011.jpg,normal,Chatuchak_road04
normal__Chatuchak_road04_0012.jpg,normal,Chatuchak_road04
normal__Chatuchak_road04_0013.jpg,normal,Chatuchak_road04
normal__Chatuchak_road04_0014.jpg,normal,Chatuchak_road04
normal__Chatuchak_road04_0015.jpg,normal,Chatuchak_road04
normal__Chatuchak_road04_0016.jpg,normal,Chatuchak_road04
normal__Chatuchak_road04_0017.jpg,normal,Chatuchak_road04
normal__Chatuchak_road04_0018.jpg,normal,Chatuchak_road04
normal__Chatuchak_road04_0019.jpg,normal,Chatuchak_road04
normal__Chatuchak_road04_0020.jpg,normal,Chatuchak_road04
normal__Chatuchak_road04_0021.jpg,normal,Chatuchak_road04
normal__Chatuchak_road04_0022.jpg,normal,Chatuchak_road04
normal__Chatuchak_road04_0023.jpg,normal,Chatuchak_road04
normal__Chatuchak_road05_0000.jpg,normal,Chatuchak_road05
normal__Chatuchak_road05_0001.jpg,normal,Chatuchak_road05
normal__Chatuchak_road05_0002.jpg,normal,Chatuchak_road05
normal__Chatuchak_road05_0003.jpg,normal,Chatuchak_road05
normal__Chatuchak_road05_0004.jpg,normal,Chatuchak_road05
normal__Chatuchak_road05_0005.jpg,normal,Chatuchak_road05
normal__Chatuchak_road05_0006.jpg,normal,Chatuchak_road05
normal__Chatuchak_road05_0007.jpg,normal,Chatuchak_road05
normal__Chatuchak_road05_0008.jpg,normal,Chatuchak_road05
normal__Chatuchak_road05_0009.jpg,normal,Chatuchak_road05
normal__Chatuchak_road05_0010.jpg,normal,Chatuchak_road05
normal__Chatuchak_road05_0011.jpg,normal,Chatuchak_road05
normal__Chatuchak_road05_0012.jpg,normal,Chatuchak_road05
normal__Chatuchak_road05_0013.jpg,normal,Chatuchak_road05
normal__Chatuchak_road05_0014.jpg,normal,Chatuchak_road05
normal__Chatuchak_road05_0015.jpg,normal,Chatuchak_road05
normal__Chatuchak_road06_0000.jpg,normal,Chatuchak_road06
normal__Chatuchak_road06_0001.jpg,normal,Chatuchak_road06
normal__Chatuchak_road06_0002.jpg,normal,Chatuchak_road06
normal__Chatuchak_road06_0003.jpg,normal,Chatuchak_road06
normal__Chatuchak_road06_0004.jpg,normal,Chatuchak_road06
normal__Chatuchak_road06_0005.jpg,normal,Chatuchak_road06
normal__Chatuchak_road06_0006.jpg,normal,Chatuchak_road06
normal__Chatuchak_road06_0007.jpg,normal,Chatuchak_road06
normal__Chatuchak_road06_0008.jpg,normal,Chatuchak_road06
normal__Chatuchak_road06_0009.jpg,normal,Chatuchak_road06
normal__Chatuchak_road06_0010.jpg,normal,Chatuchak_road06
normal__Chatuchak_road06_0011.jpg,normal,Chatuchak_road06
normal__Chatuchak_road06_0012.jpg,normal,Chatuchak_road06
normal__Chatuchak_road06_0013.jpg,normal,Chatuchak_road06
normal__Chatuchak_road06_0014.jpg,normal,Chatuchak_road06
normal__Chatuchak_road06_0015.jpg,normal,Chatuchak_road06
normal__Chatuchak_road06_0016.jpg,normal,Chatuchak_road06
normal__Chatuchak_road06_0017.jpg,normal,Chatuchak_road06
normal__Chatuchak_road06_0018.jpg,normal,Chatuchak_road06
normal__Chatuchak_road06_0019.jpg,normal,Chatuchak_road06
normal__Chatuchak_road06_0020.jpg,normal,Chatuchak_road06
normal__Chatuchak_road06_0021.jpg,normal,Chatuchak_road06
normal__Chatuchak_road06_0022.jpg,normal,Chatuchak_road06
normal__Chatuchak_road06_0023.jpg,normal,Chatuchak_road06
normal__Phetchaburi_Rd01_0000.jpg,normal,Phetchaburi_Rd01
normal__Phetchaburi_Rd01_0001.jpg,normal,Phetchaburi_Rd01
normal__Phetchaburi_Rd01_0002.jpg,normal,Phetchaburi_Rd01
normal__Phetchaburi_Rd01_0003.jpg,normal,Phetchaburi_Rd01
normal__Phetchaburi_Rd01_0004.jpg,normal,Phetchaburi_Rd01
normal__Phetchaburi_Rd01_0005.jpg,normal,Phetchaburi_Rd01
normal__Phetchaburi_Rd01_0006.jpg,normal,Phetchaburi_Rd01
normal__Phetchaburi_Rd01_0007.jpg,normal,Phetchaburi_Rd01
normal__Phetchaburi_Rd01_0008.jpg,normal,Phetchaburi_Rd01
normal__Phetchaburi_Rd01_0009.jpg,normal,Phetchaburi_Rd01
normal__Phetchaburi_Rd01_0010.jpg,normal,Phetchaburi_Rd01
normal__Phetchaburi_Rd01_0011.jpg,normal,Phetchaburi_Rd01
normal__Phetchaburi_Rd01_0012.jpg,normal,Phetchaburi_Rd01
normal__Phetchaburi_Rd01_0013.jpg,normal,Phetchaburi_Rd01
normal__Phetchaburi_Rd01_0014.jpg,normal,Phetchaburi_Rd01
normal__Phetchaburi_Rd01_0015.jpg,normal,Phetchaburi_Rd01
normal__Phetchaburi_Rd01_0016.jpg,normal,Phetchaburi_Rd01
normal__Phetchaburi_Rd01_0017.jpg,normal,Phetchaburi_Rd01
normal__Phetchaburi_Rd01_0018.jpg,normal,Phetchaburi_Rd01
normal__Phetchaburi_Rd01_0019.jpg,normal,Phetchaburi_Rd01
normal__Phetchaburi_Rd01_0020.jpg,normal,Phetchaburi_Rd01
normal__Phetchaburi_Rd01_0021.jpg,normal,Phetchaburi_Rd01
normal__Phetchaburi_Rd01_0022.jpg,normal,Phetchaburi_Rd01
normal__Phetchaburi_Rd01_0023.jpg,normal,Phetchaburi_Rd01
normal__Phetchaburi_Rd01_0024.jpg,normal,Phetchaburi_Rd01
normal__Phetchaburi_Rd01_0025.jpg,normal,Phetchaburi_Rd01
normal__Phetchaburi_Rd01_0026.jpg,normal,Phetchaburi_Rd01
normal__Phetchaburi_Rd01_0027.jpg,normal,Phetchaburi_Rd01
normal__Phetchaburi_Rd01_0028.jpg,normal,Phetchaburi_Rd01
normal__Pratunam_road03_0000.jpg,normal,Pratunam_road03
normal__Pratunam_road03_0001.jpg,normal,Pratunam_road03
normal__Pratunam_road03_0002.jpg,normal,Pratunam_road03
normal__Pratunam_road03_0003.jpg,normal,Pratunam_road03
normal__Pratunam_road03_0004.jpg,normal,Pratunam_road03
normal__Pratunam_road03_0005.jpg,normal,Pratunam_road03
normal__Pratunam_road03_0006.jpg,normal,Pratunam_road03
normal__Pratunam_road03_0007.jpg,normal,Pratunam_road03
normal__Pratunam_road03_0008.jpg,normal,Pratunam_road03
normal__Pratunam_road03_0009.jpg,normal,Pratunam_road03
normal__Pratunam_road03_0010.jpg,normal,Pratunam_road03
normal__Ramalll_raod01_0000.jpg,normal,Ramalll_raod01
normal__Ramalll_raod01_0001.jpg,normal,Ramalll_raod01
normal__Ramalll_raod01_0002.jpg,normal,Ramalll_raod01
normal__Ramalll_raod01_0003.jpg,normal,Ramalll_raod01
normal__Ramalll_raod01_0004.jpg,normal,Ramalll_raod01
normal__Ramalll_raod01_0005.jpg,normal,Ramalll_raod01
normal__Ramalll_raod01_0006.jpg,normal,Ramalll_raod01
normal__Ramalll_raod01_0007.jpg,normal,Ramalll_raod01
normal__Ramalll_raod01_0008.jpg,normal,Ramalll_raod01
normal__Ramalll_raod01_0009.jpg,normal,Ramalll_raod01
normal__Ramalll_raod01_0010.jpg,normal,Ramalll_raod01
normal__Ramalll_raod01_0011.jpg,normal,Ramalll_raod01
normal__Ramalll_raod01_0012.jpg,normal,Ramalll_raod01
normal__Ramalll_raod01_0013.jpg,normal,Ramalll_raod01
normal__Ramalll_raod01_0014.jpg,normal,Ramalll_raod01
normal__Ramalll_raod01_0015.jpg,normal,Ramalll_raod01
normal__Ramalll_raod01_0016.jpg,normal,Ramalll_raod01
normal__Ramalll_raod01_0017.jpg,normal,Ramalll_raod01
normal__Ramalll_raod01_0018.jpg,normal,Ramalll_raod01
normal__Ramalll_raod01_0019.jpg,normal,Ramalll_raod01
normal__Ramalll_road02_0000.jpg,normal,Ramalll_road02
normal__Ramalll_road02_0001.jpg,normal,Ramalll_road02
normal__Ramalll_road02_0002.jpg,normal,Ramalll_road02
normal__Ramalll_road02_0003.jpg,normal,Ramalll_road02
normal__Ramalll_road02_0004.jpg,normal,Ramalll_road02
normal__Ramalll_road02_0005.jpg,normal,Ramalll_road02
normal__Ramalll_road02_0006.jpg,normal,Ramalll_road02
normal__Ramalll_road02_0007.jpg,normal,Ramalll_road02
normal__Ramalll_road02_0008.jpg,normal,Ramalll_road02
normal__Ramalll_road02_0009.jpg,normal,Ramalll_road02
normal__Ramalll_road02_0010.jpg,normal,Ramalll_road02
normal__Ramalll_road02_0011.jpg,normal,Ramalll_road02
normal__Ramalll_road02_0012.jpg,normal,Ramalll_road02
normal__Ramalll_road02_0013.jpg,normal,Ramalll_road02
normal__Ramalll_road02_0014.jpg,normal,Ramalll_road02
normal__Ramalll_road02_0015.jpg,normal,Ramalll_road02
normal__Ramalll_road02_0016.jpg,normal,Ramalll_road02
normal__Ramalll_road02_0017.jpg,normal,Ramalll_road02
normal__Ramalll_road02_0018.jpg,normal,Ramalll_road02
normal__Ramalll_road02_0019.jpg,normal,Ramalll_road02
normal__Ramalll_road02_0020.jpg,normal,Ramalll_road02
normal__Ramalll_road02_0021.jpg,normal,Ramalll_road02
normal__Ramalll_road02_0022.jpg,normal,Ramalll_road02
normal__Ramalll_road02_0023.jpg,normal,Ramalll_road02
normal__Ramalll_road03_0000.jpg,normal,Ramalll_road03
normal__Ramalll_road03_0001.jpg,normal,Ramalll_road03
normal__Ramalll_road03_0002.jpg,normal,Ramalll_road03
normal__Ramalll_road03_0003.jpg,normal,Ramalll_road03
normal__Ramalll_road03_0004.jpg,normal,Ramalll_road03
normal__Ramalll_road03_0005.jpg,normal,Ramalll_road03
normal__Ramalll_road03_0006.jpg,normal,Ramalll_road03
normal__Ramalll_road03_0007.jpg,normal,Ramalll_road03
normal__Ramalll_road03_0008.jpg,normal,Ramalll_road03
normal__Ramalll_road03_0009.jpg,normal,Ramalll_road03
normal__Ramalll_road03_0010.jpg,normal,Ramalll_road03
normal__Ramalll_road03_0011.jpg,normal,Ramalll_road03
normal__Ramalll_road03_0012.jpg,normal,Ramalll_road03
normal__Ramalll_road03_0013.jpg,normal,Ramalll_road03
normal__Ramalll_road03_0014.jpg,normal,Ramalll_road03
normal__Ramalll_road03_0015.jpg,normal,Ramalll_road03
normal__Ramalll_road03_0016.jpg,normal,Ramalll_road03
normal__Ramalll_road03_0017.jpg,normal,Ramalll_road03
normal__Ramalll_road03_0018.jpg,normal,Ramalll_road03
normal__Ramalll_road03_0019.jpg,normal,Ramalll_road03
normal__Ramalll_road03_0020.jpg,normal,Ramalll_road03
normal__Ramalll_road03_0021.jpg,normal,Ramalll_road03
normal__Ramalll_road03_0022.jpg,normal,Ramalll_road03
normal__Ramalll_road03_0023.jpg,normal,Ramalll_road03
normal__Ramalll_road03_0024.jpg,normal,Ramalll_road03
normal__Ramalll_road03_0025.jpg,normal,Ramalll_road03
normal__Ramalll_road03_0026.jpg,normal,Ramalll_road03
normal__Ramalll_road03_0027.jpg,normal,Ramalll_road03
normal__Ramalll_road03_0028.jpg,normal,Ramalll_road03
normal__Ramalll_road03_0029.jpg,normal,Ramalll_road03
normal__Ramalll_road03_0030.jpg,normal,Ramalll_road03
normal__Ramalll_road03_0031.jpg,normal,Ramalll_road03
normal__Ramalll_road03_0032.jpg,normal,Ramalll_road03
normal__Talat_Phlu_road01_0000.jpg,normal,Talat_Phlu_road01
normal__Talat_Phlu_road01_0001.jpg,normal,Talat_Phlu_road01
normal__Talat_Phlu_road01_0002.jpg,normal,Talat_Phlu_road01
normal__Talat_Phlu_road01_0003.jpg,normal,Talat_Phlu_road01
normal__Talat_Phlu_road01_0004.jpg,normal,Talat_Phlu_road01
normal__Talat_Phlu_road01_0005.jpg,normal,Talat_Phlu_road01
normal__Talat_Phlu_road01_0006.jpg,normal,Talat_Phlu_road01
normal__Talat_Phlu_road01_0007.jpg,normal,Talat_Phlu_road01
normal__Talat_Phlu_road01_0008.jpg,normal,Talat_Phlu_road01
normal__Talat_Phlu_road01_0009.jpg,normal,Talat_Phlu_road01
normal__Talat_Phlu_road01_0010.jpg,normal,Talat_Phlu_road01
normal__Talat_Phlu_road01_0011.jpg,normal,Talat_Phlu_road01
normal__Talat_Phlu_road01_0012.jpg,normal,Talat_Phlu_road01
normal__Talat_Phlu_road01_0013.jpg,normal,Talat_Phlu_road01
normal__Talat_Phlu_road01_0014.jpg,normal,Talat_Phlu_road01
normal__Talat_Phlu_road01_0015.jpg,normal,Talat_Phlu_road01
normal__Talat_Phlu_road01_0016.jpg,normal,Talat_Phlu_road01
normal__Talat_Phlu_road01_0017.jpg,normal,Talat_Phlu_road01
normal__Talat_Phlu_road01_0018.jpg,normal,Talat_Phlu_road01
normal__Talat_Phlu_road01_0019.jpg,normal,Talat_Phlu_road01
normal__Tollway_road03_0000.jpg,normal,Tollway_road03
normal__Tollway_road03_0001.jpg,normal,Tollway_road03
normal__Tollway_road03_0002.jpg,normal,Tollway_road03
normal__Tollway_road03_0003.jpg,normal,Tollway_road03
normal__Tollway_road03_0004.jpg,normal,Tollway_road03
normal__Tollway_road03_0005.jpg,normal,Tollway_road03
normal__Tollway_road03_0006.jpg,normal,Tollway_road03
normal__Tollway_road03_0007.jpg,normal,Tollway_road03
normal__Tollway_road03_0008.jpg,normal,Tollway_road03
normal__Tollway_road03_0009.jpg,normal,Tollway_road03
normal__Tollway_road03_0010.jpg,normal,Tollway_road03
normal__Tollway_road03_0011.jpg,normal,Tollway_road03
normal__Tollway_road03_0012.jpg,normal,Tollway_road03
normal__Tollway_road04_0000.jpg,normal,Tollway_road04
normal__Tollway_road04_0001.jpg,normal,Tollway_road04
normal__Tollway_road04_0002.jpg,normal,Tollway_road04
normal__Tollway_road04_0003.jpg,normal,Tollway_road04
normal__Tollway_road04_0004.jpg,normal,Tollway_road04
normal__Tollway_road04_0005.jpg,normal,Tollway_road04
normal__Tollway_road04_0006.jpg,normal,Tollway_road04
normal__Tollway_road04_0007.jpg,normal,Tollway_road04
normal__Tollway_road04_0008.jpg,normal,Tollway_road04
normal__Tollway_road04_0009.jpg,normal,Tollway_road04
normal__Tollway_road04_0010.jpg,normal,Tollway_road04
normal__Tollway_road04_0011.jpg,normal,Tollway_road04
normal__Tollway_road04_0012.jpg,normal,Tollway_road04
normal__Tollway_road04_0013.jpg,normal,Tollway_road04
normal__Tollway_road04_0014.jpg,normal,Tollway_road04
normal__Tollway_road04_0015.jpg,normal,Tollway_road04
normal__Tollway_road04_0016.jpg,normal,Tollway_road04
normal__Tollway_road04_0017.jpg,normal,Tollway_road04
normal__Tollway_road04_0018.jpg,normal,Tollway_road04
normal__Tollway_road04_0019.jpg,normal,Tollway_road04
normal__Tollway_road06_0000.jpg,normal,Tollway_road06
normal__Tollway_road06_0001.jpg,normal,Tollway_road06
normal__Tollway_road06_0002.jpg,normal,Tollway_road06
normal__Tollway_road06_0003.jpg,normal,Tollway_road06
normal__Tollway_road06_0004.jpg,normal,Tollway_road06
normal__Tollway_road06_0005.jpg,normal,Tollway_road06
normal__Tollway_road06_0006.jpg,normal,Tollway_road06
normal__Tollway_road06_0007.jpg,normal,Tollway_road06
normal__Tollway_road06_0008.jpg,normal,Tollway_road06
normal__Tollway_road06_0009.jpg,normal,Tollway_road06
normal__Tollway_road06_0010.jpg,normal,Tollway_road06
normal__Tollway_road06_0011.jpg,normal,Tollway_road06
normal__Tollway_road06_0012.jpg,normal,Tollway_road06
normal__Tollway_road06_0013.jpg,normal,Tollway_road06
normal__Tollway_road06_0014.jpg,normal,Tollway_road06
normal__Tollway_road06_0015.jpg,normal,Tollway_road06
normal__Tollway_road06_0016.jpg,normal,Tollway_road06
normal__lumphaya_raod03_0000.jpg,normal,lumphaya_raod03
normal__lumphaya_raod03_0001.jpg,normal,lumphaya_raod03
normal__lumphaya_raod03_0002.jpg,normal,lumphaya_raod03
normal__lumphaya_raod03_0003.jpg,normal,lumphaya_raod03
normal__lumphaya_raod03_0004.jpg,normal,lumphaya_raod03
normal__lumphaya_raod03_0005.jpg,normal,lumphaya_raod03
normal__lumphaya_raod03_0006.jpg,normal,lumphaya_raod03
normal__lumphaya_raod03_0007.jpg,normal,lumphaya_raod03
normal__lumphaya_raod03_0008.jpg,normal,lumphaya_raod03
normal__lumphaya_raod03_0009.jpg,normal,lumphaya_raod03
normal__lumphaya_raod03_0010.jpg,normal,lumphaya_raod03
normal__lumphaya_raod03_0011.jpg,normal,lumphaya_raod03
normal__lumphaya_raod03_0012.jpg,normal,lumphaya_raod03
normal__lumphaya_raod03_0013.jpg,normal,lumphaya_raod03
normal__lumphaya_raod03_0014.jpg,normal,lumphaya_raod03
normal__lumphaya_raod03_0015.jpg,normal,lumphaya_raod03
normal__lumphaya_raod03_0016.jpg,normal,lumphaya_raod03
normal__lumphaya_raod03_0017.jpg,normal,lumphaya_raod03
normal__lumphaya_raod03_0018.jpg,normal,lumphaya_raod03
normal__lumphaya_raod03_0019.jpg,normal,lumphaya_raod03
normal__lumphaya_raod03_0020.jpg,normal,lumphaya_raod03
normal__lumphaya_raod03_0021.jpg,normal,lumphaya_raod03
normal__lumphaya_raod03_0022.jpg,normal,lumphaya_raod03
normal__lumphaya_raod03_0023.jpg,normal,lumphaya_raod03
normal__lumphaya_raod03_0024.jpg,normal,lumphaya_raod03
normal__lumphaya_raod03_0025.jpg,normal,lumphaya_raod03
normal__lumphaya_raod03_0026.jpg,normal,lumphaya_raod03
normal__lumphaya_raod03_0027.jpg,normal,lumphaya_raod03
normal__lumphaya_raod03_0028.jpg,normal,lumphaya_raod03
normal__lumphaya_raod03_0029.jpg,normal,lumphaya_raod03
normal__lumphaya_raod03_0030.jpg,normal,lumphaya_raod03
normal__lumphaya_raod03_0031.jpg,normal,lumphaya_raod03
normal__lumphaya_raod03_0032.jpg,normal,lumphaya_raod03
normal__lumphaya_raod03_0033.jpg,normal,lumphaya_raod03
normal__lumphaya_raod03_0034.jpg,normal,lumphaya_raod03
normal__lumphaya_raod03_0035.jpg,normal,lumphaya_raod03
normal__lumphaya_raod03_0036.jpg,normal,lumphaya_raod03
normal__lumphaya_road04_0000.jpg,normal,lumphaya_road04
normal__lumphaya_road04_0001.jpg,normal,lumphaya_road04
normal__lumphaya_road04_0002.jpg,normal,lumphaya_road04
normal__lumphaya_road04_0003.jpg,normal,lumphaya_road04
normal__lumphaya_road04_0004.jpg,normal,lumphaya_road04
normal__lumphaya_road04_0005.jpg,normal,lumphaya_road04
normal__lumphaya_road04_0006.jpg,normal,lumphaya_road04
normal__lumphaya_road04_0007.jpg,normal,lumphaya_road04
normal__lumphaya_road04_0008.jpg,normal,lumphaya_road04
normal__lumphaya_road04_0009.jpg,normal,lumphaya_road04
normal__lumphaya_road04_0010.jpg,normal,lumphaya_road04
normal__lumphaya_road04_0011.jpg,normal,lumphaya_road04
normal__lumphaya_road04_0012.jpg,normal,lumphaya_road04
normal__lumphaya_road04_0013.jpg,normal,lumphaya_road04
normal__lumphaya_road04_0014.jpg,normal,lumphaya_road04
normal__lumphaya_road04_0015.jpg,normal,lumphaya_road04
normal__lumphaya_road04_0016.jpg,normal,lumphaya_road04
normal__lumphaya_road04_0017.jpg,normal,lumphaya_road04
normal__lumphaya_road04_0018.jpg,normal,lumphaya_road04
normal__lumphaya_road04_0019.jpg,normal,lumphaya_road04
normal__lumphaya_road04_0020.jpg,normal,lumphaya_road04
normal__lumphaya_road04_0021.jpg,normal,lumphaya_road04
normal__lumphaya_road04_0022.jpg,normal,lumphaya_road04
normal__lumphaya_road04_0023.jpg,normal,lumphaya_road04
normal__lumphaya_road04_0024.jpg,normal,lumphaya_road04
normal__lumphaya_road04_0025.jpg,normal,lumphaya_road04
normal__lumphaya_road04_0026.jpg,normal,lumphaya_road04
normal__lumphaya_road04_0027.jpg,normal,lumphaya_road04
normal__lumphaya_road04_0028.jpg,normal,lumphaya_road04
normal__lumphaya_road04_0029.jpg,normal,lumphaya_road04
normal__lumphaya_road04_0030.jpg,normal,lumphaya_road04
normal__lumphaya_road04_0031.jpg,normal,lumphaya_road04
normal__lumphaya_road04_0032.jpg,normal,lumphaya_road04
normal__lumphaya_road04_0033.jpg,normal,lumphaya_road04
normal__lumphaya_road04_0034.jpg,normal,lumphaya_road04
normal__lumphaya_road04_0035.jpg,normal,lumphaya_road04
normal__lumphaya_road04_0036.jpg,normal,lumphaya_road04
normal__lumphaya_road04_0037.jpg,normal,lumphaya_road04
normal__lumphaya_road04_0038.jpg,normal,lumphaya_road04
normal__lumphaya_road04_0039.jpg,normal,lumphaya_road04
normal__lumphaya_road04_0040.jpg,normal,lumphaya_road04
normal__lumphaya_road04_0041.jpg,normal,lumphaya_road04
normal__lumphaya_road04_0042.jpg,normal,lumphaya_road04
normal__lumphaya_road04_0043.jpg,normal,lumphaya_road04
normal__lumphaya_road04_0044.jpg,normal,lumphaya_road04
normal__lumphaya_road04_0045.jpg,normal,lumphaya_road04
normal__lumphaya_road04_0046.jpg,normal,lumphaya_road04
normal__lumphaya_road04_0047.jpg,normal,lumphaya_road04
normal__lumphaya_road04_0048.jpg,normal,lumphaya_road04
normal__lumphaya_road04_0049.jpg,normal,lumphaya_road04
normal__lumphaya_road04_0050.jpg,normal,lumphaya_road04
normal__lumphaya_road04_0051.jpg,normal,lumphaya_road04
normal__lumphaya_road04_0052.jpg,normal,lumphaya_road04
normal__lumphaya_road04_0053.jpg,normal,lumphaya_road04
normal__lumphaya_road04_0054.jpg,normal,lumphaya_road04
normal__lumphaya_road04_0055.jpg,normal,lumphaya_road04
normal__lumphaya_road04_0056.jpg,normal,lumphaya_road04
normal__lumphaya_road04_0057.jpg,normal,lumphaya_road04
normal__lumphaya_road04_0058.jpg,normal,lumphaya_road04
normal__lumphaya_road04_0059.jpg,normal,lumphaya_road04
normal__lumphraya_road01_0000.jpg,normal,lumphraya_road01
normal__lumphraya_road01_0001.jpg,normal,lumphraya_road01
normal__lumphraya_road01_0002.jpg,normal,lumphraya_road01
normal__lumphraya_road01_0003.jpg,normal,lumphraya_road01
normal__lumphraya_road01_0004.jpg,normal,lumphraya_road01
normal__lumphraya_road01_0005.jpg,normal,lumphraya_road01
normal__lumphraya_road01_0006.jpg,normal,lumphraya_road01
normal__lumphraya_road01_0007.jpg,normal,lumphraya_road01
normal__lumphraya_road01_0008.jpg,normal,lumphraya_road01
normal__lumphraya_road01_0009.jpg,normal,lumphraya_road01
normal__lumphraya_road01_0010.jpg,normal,lumphraya_road01
normal__lumphraya_road01_0011.jpg,normal,lumphraya_road01
normal__lumphraya_road01_0012.jpg,normal,lumphraya_road01
normal__lumphraya_road01_0013.jpg,normal,lumphraya_road01
normal__lumphraya_road01_0014.jpg,normal,lumphraya_road01
normal__lumphraya_road01_0015.jpg,normal,lumphraya_road01
normal__lumphraya_road01_0016.jpg,normal,lumphraya_road01
normal__lumphraya_road01_0017.jpg,normal,lumphraya_road01
normal__lumphraya_road01_0018.jpg,normal,lumphraya_road01
normal__ploenjit_road01_0000.jpg,normal,ploenjit_road01
normal__ploenjit_road01_0001.jpg,normal,ploenjit_road01
normal__ploenjit_road01_0002.jpg,normal,ploenjit_road01
normal__ploenjit_road01_0003.jpg,normal,ploenjit_road01
normal__ploenjit_road01_0004.jpg,normal,ploenjit_road01
normal__ploenjit_road01_0005.jpg,normal,ploenjit_road01
normal__ploenjit_road01_0006.jpg,normal,ploenjit_road01
normal__ploenjit_road01_0007.jpg,normal,ploenjit_road01
normal__ploenjit_road01_0008.jpg,normal,ploenjit_road01
normal__ploenjit_road01_0009.jpg,normal,ploenjit_road01
normal__ploenjit_road01_0010.jpg,normal,ploenjit_road01
normal__ploenjit_road01_0011.jpg,normal,ploenjit_road01
normal__ploenjit_road01_0012.jpg,normal,ploenjit_road01
normal__ploenjit_road01_0013.jpg,normal,ploenjit_road01
normal__ploenjit_road01_0014.jpg,normal,ploenjit_road01
normal__ploenjit_road01_0015.jpg,normal,ploenjit_road01
normal__ploenjit_road01_0016.jpg,normal,ploenjit_road01
normal__ploenjit_road01_0017.jpg,normal,ploenjit_road01
normal__ploenjit_road01_0018.jpg,normal,ploenjit_road01
normal__ploenjit_road01_0019.jpg,normal,ploenjit_road01
normal__ploenjit_road01_0020.jpg,normal,ploenjit_road01
normal__ploenjit_road01_0021.jpg,normal,ploenjit_road01
normal__ploenjit_road01_0022.jpg,normal,ploenjit_road01
normal__ploenjit_road01_0023.jpg,normal,ploenjit_road01
normal__ploenjit_road01_0024.jpg,normal,ploenjit_road01
normal__ramaIX_road01_0000.jpg,normal,ramaIX_road01
normal__ramaIX_road01_0001.jpg,normal,ramaIX_road01
normal__ramaIX_road01_0002.jpg,normal,ramaIX_road01
normal__ramaIX_road01_0003.jpg,normal,ramaIX_road01
normal__ramaIX_road01_0004.jpg,normal,ramaIX_road01
normal__ramaIX_road01_0005.jpg,normal,ramaIX_road01
normal__ramaIX_road01_0006.jpg,normal,ramaIX_road01
normal__ramaIX_road01_0007.jpg,normal,ramaIX_road01
normal__ramaIX_road01_0008.jpg,normal,ramaIX_road01
normal__ramaIX_road01_0009.jpg,normal,ramaIX_road01
normal__ramaIX_road01_0010.jpg,normal,ramaIX_road01
normal__ramaIX_road01_0011.jpg,normal,ramaIX_road01
normal__ramaIX_road01_0012.jpg,normal,ramaIX_road01
normal__ramaIX_road01_0013.jpg,normal,ramaIX_road01
normal__ramaIX_road01_0014.jpg,normal,ramaIX_road01
normal__ramaIX_road01_0015.jpg,normal,ramaIX_road01
normal__ramaIX_road01_0016.jpg,normal,ramaIX_road01
normal__ramaIX_road01_0017.jpg,normal,ramaIX_road01
normal__ramaIX_road01_0018.jpg,normal,ramaIX_road01
normal__ramaIX_road01_0019.jpg,normal,ramaIX_road01
normal__straightway_0000.jpg,normal,straightway
normal__straightway_0001.jpg,normal,straightway
normal__straightway_0002.jpg,normal,straightway
normal__straightway_0003.jpg,normal,straightway
normal__straightway_0004.jpg,normal,straightway
normal__straightway_0005.jpg,normal,straightway
normal__straightway_0006.jpg,normal,straightway
normal__straightway_0007.jpg,normal,straightway
normal__straightway_0008.jpg,normal,straightway
normal__straightway_0009.jpg,normal,straightway
normal__straightway_0010.jpg,normal,straightway
normal__straightway_0011.jpg,normal,straightway
normal__bangnatrad_raod03_0000.jpg,normal,bangnatrad_raod03
normal__bangnatrad_raod03_0001.jpg,normal,bangnatrad_raod03
normal__bangnatrad_raod03_0002.jpg,normal,bangnatrad_raod03
normal__bangnatrad_raod03_0003.jpg,normal,bangnatrad_raod03
normal__bangnatrad_raod04_0000.jpg,normal,bangnatrad_raod04
normal__bangnatrad_raod04_0001.jpg,normal,bangnatrad_raod04
normal__bangnatrad_raod04_0002.jpg,normal,bangnatrad_raod04
normal__bangnatrad_raod04_0003.jpg,normal,bangnatrad_raod04
normal__bangnatrad_raod04_0004.jpg,normal,bangnatrad_raod04
normal__bangnatrad_raod04_0005.jpg,normal,bangnatrad_raod04
normal__bangnatrad_raod04_0006.jpg,normal,bangnatrad_raod04
