dataset,category,metric,median,p25,p75,n
CULane,normal,n_lanes,3.0,3.0,4.0,200
CULane,normal,w,19.44263233190272,13.948532110091744,28.63725806451613,642
CULane,normal,nrows,218.0,178.0,232.5,642
CULane,normal,y_top,0.49776785714285715,0.4799107142857143,0.5133928571428571,642
CULane,normal,y_bot,0.9977678571428571,0.9017857142857143,0.9977678571428571,642
CULane,normal,rms,1.5458494903643492,0.6448327938300099,2.9675143013631304,642
CULane,normal,mask_frac,0.03480050223214286,0.03116001674107143,0.04237234933035714,200
CULane,curve,n_lanes,3.0,2.0,3.0,200
CULane,curve,w,19.972602739726028,13.697750259948956,31.252404921700226,547
CULane,curve,nrows,149.0,142.0,149.0,547
CULane,curve,y_top,0.6674107142857143,0.6674107142857143,0.6830357142857143,547
CULane,curve,y_bot,0.9977678571428571,0.9977678571428571,0.9977678571428571,547
CULane,curve,rms,1.1812651874075628,0.6270446595078687,2.9384307285244287,547
CULane,curve,mask_frac,0.025252511160714287,0.023326590401785714,0.03370465959821428,200
CULane,night,n_lanes,3.0,2.0,3.0,200
CULane,night,w,19.326180257510728,13.901344086021506,28.553571428571427,555
CULane,night,nrows,233.0,185.0,240.0,555
CULane,night,y_top,0.4642857142857143,0.4642857142857143,0.4799107142857143,555
CULane,night,y_bot,0.9977678571428571,0.9040178571428571,0.9977678571428571,555
CULane,night,rms,1.4493296537790479,0.5803724037144928,2.811692797015169,555
CULane,night,mask_frac,0.03380022321428572,0.03157854352678571,0.04394810267857143,200
Thai,normal,n_lanes,2.0,2.0,2.0,200
Thai,normal,w,17.551020408163264,16.247024846885424,20.784815005138746,363
Thai,normal,nrows,143.0,140.0,148.0,363
Thai,normal,y_top,0.6808035714285714,0.6696428571428571,0.6875,363
Thai,normal,y_bot,0.9977678571428571,0.9977678571428571,0.9977678571428571,363
Thai,normal,rms,0.9155991480559573,0.7490414776792064,1.2927606745119649,363
Thai,normal,mask_frac,0.014285714285714285,0.013253348214285714,0.015184849330357141,200
Thai,curve,n_lanes,2.0,2.0,2.0,200
Thai,curve,w,20.732802477328026,17.44394851055435,31.380219060101105,388
Thai,curve,nrows,136.0,126.0,140.0,388
Thai,curve,y_top,0.6919642857142857,0.6824776785714286,0.7008928571428571,388
Thai,curve,y_bot,0.9977678571428571,0.9977678571428571,0.9977678571428571,388
Thai,curve,rms,5.354317574916861,1.0981611359551522,14.675192143541612,388
Thai,curve,mask_frac,0.016954520089285715,0.0151171875,0.02178920200892857,200
Thai,night,n_lanes,2.0,2.0,2.0,86
Thai,night,w,16.528571428571432,13.758334429968855,17.596676349965822,164
Thai,night,nrows,149.0,101.75,151.0,164
Thai,night,y_top,0.6674107142857143,0.6629464285714286,0.7728794642857143,164
Thai,night,y_bot,0.9977678571428571,0.9977678571428571,0.9977678571428571,164
Thai,night,rms,0.7802969954407553,0.6660659141601708,0.9460956269533323,164
Thai,night,mask_frac,0.012734375,0.010161132812500001,0.0132958984375,86
