criterion,epoch,scope,n_img,iou,f1,median_err,acc5,lane_recall
f1,28,ALL,191,0.4670035473379441,0.6366767799374156,1.7079433072347854,0.7777777777777778,0.8709677419354839
f1,28,normal,157,0.552872057425099,0.7120638880473463,1.463865396570256,0.8206106870229007,0.9390681003584229
f1,28,curve,17,0.14706170773324267,0.2564146405407562,4.598788543473205,0.5333333333333333,0.4838709677419355
f1,28,night,17,0.20210821394253348,0.3362562731015416,7.139792420938978,0.4,0.6451612903225806
slope,17,ALL,191,0.46211956471802534,0.6321228111151727,1.779062196751937,0.7491749174917491,0.8885630498533724
slope,17,normal,157,0.5485109052296941,0.7084366062612032,1.442146870676762,0.7954545454545454,0.946236559139785
slope,17,curve,17,0.1361880707707534,0.23972804199285036,6.2695025874004955,0.47058823529411764,0.5483870967741935
slope,17,night,17,0.204069355980184,0.33896611514385633,6.390568957662832,0.4090909090909091,0.7096774193548387
recall,1,ALL,191,0.3785887124750489,0.5492409868862914,1.865846504150305,0.7692307692307693,0.9149560117302052
recall,1,normal,157,0.4157094358219307,0.5872807304990217,1.6436193809938686,0.7881040892193308,0.96415770609319
recall,1,curve,17,0.14970235495263887,0.2604193238497902,6.919524164684958,0.4666666666666667,0.4838709677419355
recall,1,night,17,0.2995811647917874,0.4610426388255402,2.7131122644346846,0.75,0.9032258064516129
