epoch,train_loss,train_f1,val_f1,val_iou,val_median_err,val_lane_recall
1,1.2641800819559301,0.2063806043672298,0.48377792187465063,0.31906798407314557,18.230872560795888,0.76875
2,1.0697490129065006,0.5338769529264752,0.6403196981817209,0.47093401097701526,9.758561371410693,0.7875
3,0.9640888051783785,0.607419648699176,0.6091214586926244,0.4379400793113626,11.21665328586765,0.71875
4,0.8781593441963196,0.6405674659015115,0.6139990894924681,0.4430004950484709,18.915771210315214,0.6625
5,0.791388583944199,0.6773608047720496,0.626981565954034,0.45664468182445667,25.545389646998473,0.7
6,0.7085668000769108,0.7026658208651974,0.6637092685421544,0.4966802903871609,9.248730495438686,0.7125
7,0.6321535427519616,0.7111301769525715,0.6417716586569684,0.4725064550062159,10.62731776678946,0.73125
8,0.5564777350172083,0.7319067037257765,0.6394444788000513,0.46998778722098017,11.258853359963899,0.7125
9,0.4973678709344661,0.7400858885473995,0.6531976083835158,0.4849988479746631,12.314710730170443,0.725
10,0.43017907091911806,0.7686780496569111,0.6505951405410565,0.4821348730001748,7.866686061482966,0.7625
11,0.3857178878276906,0.7797489698527543,0.6437083365028359,0.4746090784360128,9.979081329892201,0.7125
12,0.3454128123344259,0.7941445188125059,0.6357301012067366,0.46598558083635677,7.802464464061288,0.7375
13,0.3149729459843737,0.8051224594410799,0.6789764376873829,0.5139775376139013,7.594531236539879,0.78125
14,0.2893911726931308,0.8150347626911532,0.6566959579228218,0.48886621148504805,4.791674379532822,0.7625
15,0.26872596556835987,0.8230858759143894,0.6431465702108771,0.47399855879115294,7.465551696370383,0.7125
16,0.2459058920119671,0.8355266145780708,0.6638649863214222,0.49685471866626973,7.438106874510517,0.7375
17,0.2332979418495868,0.8400209981259738,0.6647301354602014,0.49782456199541436,10.662523971466044,0.74375
18,0.20942962391579406,0.8560379134523053,0.6685159500693482,0.5020833333333333,9.579803962759144,0.71875
19,0.18892956572644254,0.8699712411888563,0.6594435363919381,0.49191776273046217,7.880316619153504,0.7625
20,0.18013520760739105,0.8738071634575854,0.6617172733234227,0.49445252496585484,4.293620696737577,0.76875
21,0.17771209269127947,0.872653446125564,0.6790750581186058,0.5140905713775068,5.450264426319784,0.7625
22,0.16705445501398533,0.8794407454043734,0.6595495049207091,0.49203570541536124,5.155479412149347,0.73125
23,0.15334009490114578,0.8895372151001214,0.6645537413603125,0.49762671995295443,3.9602087983213323,0.75
24,0.1500266638207943,0.8901923125958905,0.6672285971149114,0.5006324382940259,5.755132630238766,0.775
25,0.13738145378041774,0.899449967854325,0.6625951057374053,0.49543343872892026,4.99700657400539,0.7375
26,0.1390994130931002,0.8964533987160358,0.6681826845748405,0.501707461553415,3.0254761747520647,0.76875
27,0.13125915793662377,0.9020032072628845,0.6734187027623321,0.5076347029500474,3.221070464263825,0.7625
28,0.12436529946454028,0.9069431272786599,0.6648281659369167,0.49793453469862914,3.550391431616795,0.8125
29,0.11822949444994013,0.9111702355557298,0.6710968122620435,0.5050005285971033,2.9465493080712015,0.8
30,0.11562148925471813,0.912702494493976,0.6601254960005039,0.4926771082142721,5.880809376730227,0.775
