epoch,train_loss,train_f1,val_f1,val_iou,val_median_err,val_lane_recall,val_night_f1,val_night_median_err,val_night_recall,val_curve_median_err,val_normal_median_err,thai_imgs_seen
1,0.5823819649980423,0.5012614090971896,0.6281427680105607,0.4578776518163198,2.1927875798551497,0.94375,0.7128728282088033,3.166279603853667,1.0,4.026855645506245,1.376774056631369,749.0
2,0.44818771139104313,0.6129938391125619,0.6638286339124665,0.49681399464219517,2.111196465047062,0.9125,0.7737151658477077,3.2667957178758797,0.9393939393939394,5.032500638990939,1.3037080429054697,1498.0
3,0.4102947477330553,0.6470532434849734,0.6723457265074698,0.5064162711116017,2.229801477028019,0.88125,0.777562551525835,4.685469122517297,0.7878787878787878,4.690660053055808,1.280256628825871,2247.0
4,0.3831891588708188,0.6698592339382937,0.6807359336906162,0.5159967220171183,2.979349567026034,0.8125,0.7759719566602932,44.26538224677813,0.6666666666666666,4.159131677870292,1.6410941966637722,2996.0
5,0.36768435988020387,0.6836144307807196,0.6811139865738856,0.5164312758193053,3.1086348714040923,0.81875,0.7803252519205827,45.74930219532084,0.6363636363636364,3.1685735158114454,1.6830065399269643,3745.0
6,0.36413724879001047,0.6872565258909648,0.6788399187658104,0.5138210943609935,3.3886884696886526,0.825,0.7793600912261162,47.699711367142456,0.6363636363636364,2.427719061999099,1.892792463853624,4494.0
7,0.33094699839328195,0.7158189418249494,0.6787692842880851,0.5137401637853581,2.995730985624192,0.83125,0.7796671009598767,47.3217023336514,0.6363636363636364,2.6453878275556235,1.8943369275010156,5243.0
8,0.32475577897213875,0.7202818254025389,0.6761219137914887,0.5107131244447528,3.200653948680168,0.8375,0.7752745835785464,46.923038257298266,0.6666666666666666,2.5801279511500965,1.767173063026675,5992.0
9,0.3067561556050118,0.7382792760623471,0.6756563539551367,0.5101820482719696,2.533399647876273,0.84375,0.7763598925813137,46.10102049083076,0.6363636363636364,1.8849862330431222,1.5571639816907918,6741.0
10,0.3089411712073265,0.7349322457495407,0.6696389935489945,0.5033513386981971,2.5147180908818676,0.81875,0.7594425580450201,49.69616742765685,0.6666666666666666,2.1607778993410562,1.512996861062824,7490.0
11,0.2814965476381018,0.7584280941778776,0.6711971607132993,0.5051141831346453,2.3068493792727907,0.83125,0.7598223664091689,48.52156991499822,0.6363636363636364,2.452327204800458,1.4218849931788924,8239.0
12,0.2834599880461997,0.7575158233531859,0.6678308191590928,0.501310816046305,3.408910467979524,0.81875,0.7549276654644184,47.3936509561016,0.6666666666666666,3.2131570276382533,1.548871525404035,8988.0
13,0.25854780287184614,0.779056439488865,0.6649061633286233,0.4980220453914693,2.4219891711749035,0.85625,0.7637743520243944,48.42288536725788,0.696969696969697,2.1797902294085194,1.3498488661412722,9737.0
14,0.263880433237299,0.7741275464657937,0.6665631923590534,0.4998836004372081,2.2495763261919706,0.875,0.7670622839510415,42.52236302636227,0.7272727272727273,2.47947170314867,1.1714792697995655,10486.0
15,0.23598052529578514,0.798345054978878,0.6635357073305655,0.4964859225720344,1.9930720007206144,0.8875,0.7669141627923114,40.90058956754329,0.7272727272727273,2.318717003590237,1.3372470088270347,11235.0
16,0.22761582820973497,0.8063357518384101,0.6602239613097628,0.49278681081294495,2.261075388168294,0.85,0.7600472079011119,42.764817653094966,0.7272727272727273,2.3752196392963185,1.2658056222504754,11984.0
17,0.23054261410489996,0.8028690983262343,0.6595569546173002,0.4920439976090108,1.6066330637367514,0.8625,0.7649215099196911,39.44347967951778,0.7272727272727273,1.589353600600063,1.1685933667812982,12733.0
18,0.21263198047242265,0.8196176274886823,0.6599593988751492,0.4924920918971925,2.102568118265392,0.875,0.7614674417468614,6.075672505003563,0.7878787878787878,1.6845440857668024,1.3317998888673372,13482.0
19,0.21339596681138304,0.8180947765310586,0.6554365813946177,0.48747167469010444,1.7242514763045662,0.8625,0.7606665829250931,6.002382223301137,0.7878787878787878,1.990647703103578,1.247870367980239,14231.0
20,0.19533993874458558,0.8335782001099485,0.6552187540949738,0.48723073443370124,1.7235069693265643,0.88125,0.7574267885566183,4.063519689080152,0.8181818181818182,1.681116568914291,1.2164470868812032,14980.0
21,0.21100933501060973,0.8210045688053285,0.6527899370497121,0.4845494811849547,2.0856806948465305,0.85625,0.7421997415949638,6.512961160177877,0.7878787878787878,1.9519759232778533,1.4145978086765183,15729.0
22,0.19438677645744162,0.8348900567216471,0.6519422353650484,0.48361594915896766,1.8033345560894816,0.85625,0.7416815643232306,4.136731005636591,0.8181818181818182,1.2013029312561514,1.3996628591912526,16478.0
23,0.17666397037658285,0.8495752323514543,0.652713465097787,0.48446521819143795,2.0166533124567536,0.86875,0.7521271280077133,4.175075055120459,0.8181818181818182,1.6625130780453574,1.4077811830021751,17227.0
24,0.17194644979974058,0.8539121772478334,0.6439583147362763,0.4748809138644134,1.8889833554735098,0.875,0.7417342055100725,4.368166945756315,0.8181818181818182,1.8055167193710862,1.3118085467364722,17976.0
25,0.1642066554186192,0.8598862127134831,0.6454594053439344,0.47651536461173716,2.0330142601256362,0.875,0.7463620519496882,4.018792305992093,0.8181818181818182,1.1976654024924187,1.4184243077476566,18725.0
26,0.15861165491824455,0.8650040869849746,0.641654074445277,0.4723789885726182,2.062677524874605,0.8625,0.746814566356532,3.959901030777729,0.8181818181818182,2.6801160463516442,1.328706219590309,19474.0
27,0.16284545273222822,0.8615211479745261,0.641003561858639,0.47167420301359375,2.0248300958667933,0.8625,0.7570891939219342,4.187652137900841,0.8181818181818182,2.6112187847391954,1.2738062531148273,20223.0
28,0.14798256485386097,0.8736734872779311,0.645152065458132,0.47618042513109454,2.0897450978719974,0.86875,0.7638772633943582,3.909013990669564,0.8181818181818182,3.200140717453049,1.453337935049717,20972.0
29,0.14626676779478154,0.8757763340004593,0.6449898831991367,0.47600373989969746,1.9726496479942206,0.875,0.7579566158050558,3.8441052824731514,0.8181818181818182,2.268967786537523,1.3388083011790641,21721.0
30,0.1387487843315652,0.8823062198865251,0.6412356323228143,0.4719255579383568,1.855694612912032,0.89375,0.7569710340901004,3.5566004162638585,0.8787878787878788,1.4343783639839387,1.3951430198058858,22470.0
