epoch,train_loss,train_f1,val_f1,val_iou,val_median_err,val_lane_recall,val_night_f1,val_night_median_err,val_night_recall,val_curve_median_err,val_normal_median_err,thai_imgs_seen,train_slope_loss,train_slope_pairs
1,0.3785231024660963,0.7268343669243311,0.604455688237188,0.4331325656536528,1.9461001032413208,0.93125,0.6005685776569207,3.355981586438361,1.0,2.4534811470880946,1.3884228287034155,374.5,0.3456302819416878,1667
2,0.35702168180587446,0.7487149160427614,0.6517211804491234,0.48337270525855874,1.9051951635230537,0.925,0.7377459016393443,2.7325521660457355,1.0,4.005535818321732,1.3562307641144002,749.0,0.4154892329205858,1603
3,0.34889661948731604,0.7514720706948038,0.6574796872696863,0.4897353738600462,1.8902885830101148,0.925,0.7525935544473761,2.6129467439041854,1.0,5.292648926123775,1.2668866729790516,1123.5,0.40293489935550286,1562
4,0.31160489992892487,0.7833391718884609,0.659733241669298,0.49224024812119765,1.8241776227054345,0.91875,0.7641370860512228,2.7643333037001643,0.9696969696969697,5.131818119642389,1.2521938913026887,1498.0,0.38965328545012373,1605
5,0.34227537062573943,0.760201164645027,0.6629975968917549,0.49588362395641694,1.7854399263266316,0.9125,0.7660701720498351,2.5304966449249573,0.9696969696969697,3.464372256742262,1.269833145565233,1872.5,0.4210014560438217,1542
6,0.3147548196163583,0.777547328584749,0.6595211023004437,0.49200409154688773,1.8780300871139453,0.9125,0.761266814607819,2.523695110741871,0.9696969696969697,3.9425950923209747,1.2317883207809217,2247.0,0.37912114725468005,1562
7,0.3061434464885833,0.7857475753732333,0.6613875970747837,0.4940844680876105,1.8654771473291767,0.9,0.7656469228864619,3.0049274482746284,0.9393939393939394,3.1566508365424966,1.161367519238354,2621.5,0.3801773986283769,1598
8,0.29933665692806244,0.7947900197694673,0.6608070795414835,0.49343680768207365,1.8829118927631292,0.9,0.7658124130713194,2.998964826822885,0.9393939393939394,3.6250653806854096,1.1692428883033017,2996.0,0.4114258737957224,1601
9,0.3022676541450176,0.7915936269289877,0.6603758668312893,0.4929560840840141,1.8151583822856878,0.89375,0.7645602855306521,2.873806098961637,0.9393939393939394,3.228244577565313,1.1316722065714941,3370.5,0.41859650548468247,1580
10,0.28915637541324535,0.8013667541268836,0.6610925295677925,0.49375520278065804,1.8585067104656332,0.89375,0.7682062712400765,2.8201736406726923,0.9393939393939394,3.2162055038310697,1.1835336569332355,3745.0,0.4100496099984392,1617
11,0.2781488749575108,0.8042885986497571,0.6652730841372979,0.4984338565670551,1.9262101111271335,0.8875,0.7736072370379086,2.958074120889165,0.9090909090909091,4.444839892267115,1.1335313732763979,4119.5,0.3339777425565618,1640
12,0.2755101396048323,0.8116627280365116,0.6621904558470463,0.4949811120284077,1.8938242063459398,0.8875,0.7711452405944423,2.980156507242654,0.9090909090909091,4.059316021975814,1.1285491540383497,4494.0,0.39117703792896674,1594
13,0.2752602071838176,0.8114088423470547,0.6612866171105045,0.49397176838792434,1.8833745242549753,0.89375,0.7672234892847604,2.96500449836212,0.9090909090909091,3.9469881965583262,1.118858217740641,4868.5,0.3772585463333637,1581
14,0.2804245742711615,0.8097623299345417,0.6621120607971857,0.49489351192724523,1.8256744437856867,0.89375,0.7624645844000683,3.023436211360888,0.9090909090909091,3.5010850438225347,1.2238697471999913,5243.0,0.40136282573989096,1606
15,0.25663861347005723,0.825532381458045,0.6673561699180993,0.5007760924965865,1.6777210449027251,0.8875,0.7722397388514195,2.8563847655134396,0.9090909090909091,3.6049970563677274,1.2547042058608469,5617.5,0.3787247700260041,1587
16,0.25993429282878305,0.8219451438576386,0.6665531398850099,0.4998722932442388,1.9634553771204075,0.8875,0.7725896170260166,2.8900870586952294,0.9090909090909091,3.771641359121027,1.3023537106743674,5992.0,0.3696086625469492,1616
17,0.27002327588010344,0.8141373428544824,0.6597730765534121,0.49228460122015,1.8139533657167135,0.89375,0.7665021782668842,2.901991946197221,0.9090909090909091,2.3014362235463643,1.2872753787715787,6366.5,0.3765400028292169,1617
18,0.2364324851238981,0.8376891097957885,0.6662597386178669,0.49954234561940336,1.9221917544988827,0.8625,0.7669073014071249,3.022648777577956,0.8787878787878788,3.5335503811937947,1.2472168502565353,6741.0,0.32309484989085097,1634
19,0.23949963837227922,0.8366566487516286,0.6604531354941903,0.4930422018029558,1.9195160183904676,0.8875,0.7605577961583156,3.0062085645932513,0.8787878787878788,3.387065874820836,1.3071343154294723,7115.5,0.3401749958383276,1639
20,0.24402795414975348,0.8349401216791175,0.6629056822325661,0.49578079378830175,1.9767037631836502,0.85625,0.7610384662484863,3.525127731307034,0.8484848484848485,3.4327361201744306,1.2225696661886047,7490.0,0.3589800390157294,1572
21,0.23610748287211072,0.8407247697453488,0.6645421078658388,0.4976136737668689,1.8107487644763616,0.8625,0.76157609105816,3.5325450246107017,0.8484848484848485,3.3071450986927413,1.1682554168826584,7864.5,0.3468914658148238,1604
22,0.23140017624865186,0.8438673855392496,0.6607797488469099,0.4934063297489476,1.7706905718607118,0.88125,0.7593790956749672,3.1269211988749532,0.8787878787878788,3.4267986752581,1.2458472897411195,8239.0,0.36255493030903185,1620
23,0.23248307058151732,0.8410493525088406,0.6610476278256163,0.49370510972852005,1.9455652410181514,0.85625,0.7607760693625734,3.44125390907584,0.8484848484848485,2.8892542951546503,1.2092182398610198,8613.5,0.3269662507512468,1588
24,0.23733017498508413,0.8369151050035338,0.6547367810760668,0.4866978981256815,1.8193496797155433,0.86875,0.7491192462512812,5.645304964506295,0.7878787878787878,2.8263540532394416,1.1621277665619765,8988.0,0.3164078748606621,1600
25,0.21317591755948168,0.8559545082286723,0.6586453469979795,0.49102997892756955,1.6911263355389679,0.88125,0.7512494879147891,3.2157665358149643,0.8787878787878788,2.409635882799332,1.1983209499959742,9362.5,0.31564885631520695,1621
26,0.21467654787479562,0.8562145253391661,0.6575244628148762,0.4897850609580272,2.293103992333414,0.8125,0.7467297297297297,37.881844477960136,0.7575757575757576,2.3897014980097033,1.2570488182184505,9737.0,0.33486257224006855,1629
27,0.22455035879256877,0.8473183725197635,0.6519640716819441,0.4836399816846125,2.20687273364058,0.85625,0.7449259239159929,3.5284350304022496,0.8484848484848485,2.991052819840462,1.2721508169214673,10111.5,0.3151521145346317,1653
28,0.21851504705053695,0.8515594531637031,0.6573073212373218,0.48954413145608683,1.857877155690744,0.86875,0.7509631790412241,3.4513302927446645,0.8484848484848485,2.83062464437325,1.283196467968537,10486.0,0.3048454746603966,1667
29,0.20447019376653305,0.860133392379181,0.6562659722053205,0.48838978445933706,1.9311943748615477,0.85,0.7470307409658714,4.048132331495275,0.8484848484848485,2.8292536524823557,1.3075424028653906,10860.5,0.2780148184045832,1630
30,0.21031654404198868,0.858547603337219,0.6530697206545975,0.48485785097353684,1.8705468746786096,0.88125,0.7304459639558791,3.3883018768437125,0.8787878787878788,2.844723607074659,1.295937084906221,11235.0,0.3287032955187432,1627
