tag,model,scope,n_img,iou,f1,median_err,acc5,lane_recall
zeroshot,best_model_resnet50_ssl_bs16_ep30.pth,ALL,8338,0.539007353054867,0.7004610497603658,0.962865328288288,0.8656188108381442,0.9190937257939582
zeroshot,best_model_resnet50_ssl_bs16_ep30.pth,driver_23_30frame_05151652_0423.MP4,159,0.5893473821319394,0.7416218615988066,0.6339141794467693,0.8842975206611571,0.9201520912547528
zeroshot,best_model_resnet50_ssl_bs16_ep30.pth,driver_23_30frame_05160636_0429.MP4,154,0.25495170413460344,0.4063131725223074,2.2991757798521064,0.6666666666666666,0.8063583815028902
zeroshot,best_model_resnet50_ssl_bs16_ep30.pth,driver_23_30frame_05160811_0461.MP4,131,0.5231313174860214,0.6869155817102717,1.0571660022687297,0.9674620390455532,0.9808510638297873
zeroshot,best_model_resnet50_ssl_bs16_ep30.pth,driver_23_30frame_05160814_0462.MP4,122,0.5246320995545151,0.6882081253671732,0.8608532425628823,0.9606299212598425,0.9525
zeroshot,best_model_resnet50_ssl_bs16_ep30.pth,driver_23_30frame_05160826_0466.MP4,132,0.4292371397577203,0.6006520930886013,1.2083659169704841,0.8321678321678322,0.9265658747300216
zeroshot,best_model_resnet50_ssl_bs16_ep30.pth,driver_23_30frame_05160835_0469.MP4,118,0.3052959310176203,0.4677804071289932,2.3082117837951728,0.7413793103448276,0.9090909090909091
zeroshot,best_model_resnet50_ssl_bs16_ep30.pth,driver_23_30frame_05160929_0487.MP4,164,0.6610742708378923,0.7959599187632085,0.3728844373468121,0.933786078098472,0.9454253611556982
zeroshot,best_model_resnet50_ssl_bs16_ep30.pth,driver_23_30frame_05160938_0490.MP4,168,0.5037955427406644,0.6700319670086241,1.5105059996425094,0.7511961722488039,0.8636363636363636
zeroshot,best_model_resnet50_ssl_bs16_ep30.pth,driver_23_30frame_05160956_0496.MP4,177,0.37580630501407397,0.5463069963329317,1.386232928003885,0.832391713747646,0.9672131147540983
zeroshot,best_model_resnet50_ssl_bs16_ep30.pth,driver_23_30frame_05161120_0524.MP4,180,0.671106006291732,0.8031878334049554,1.1047673192882392,0.9887429643527205,1.0
zeroshot,best_model_resnet50_ssl_bs16_ep30.pth,driver_23_30frame_05161123_0525.MP4,163,0.5202900077459334,0.6844615239132491,5.722469421250395,0.48450704225352115,0.8492822966507177
zeroshot,best_model_resnet50_ssl_bs16_ep30.pth,driver_23_30frame_05161138_0530.MP4,158,0.7262683129487334,0.8414315520953458,0.29621310833307746,0.9920886075949367,1.0
zeroshot,best_model_resnet50_ssl_bs16_ep30.pth,driver_23_30frame_05161159_0537.MP4,180,0.493217183675995,0.6606101095914196,2.879800283055104,0.6539278131634819,0.8626373626373627
zeroshot,best_model_resnet50_ssl_bs16_ep30.pth,driver_23_30frame_05161208_0540.MP4,166,0.6074295718508397,0.7557775251719777,0.8631418493750687,0.9514388489208633,0.9586206896551724
zeroshot,best_model_resnet50_ssl_bs16_ep30.pth,driver_23_30frame_05161256_0556.MP4,96,0.5367650676041308,0.6985648996316215,1.1073135210852314,0.8638132295719845,0.8509933774834437
zeroshot,best_model_resnet50_ssl_bs16_ep30.pth,driver_23_30frame_05161320_0564.MP4,177,0.5880348819083381,0.7405818204719758,0.8099600804688114,0.8824701195219123,0.9177330895795247
zeroshot,best_model_resnet50_ssl_bs16_ep30.pth,driver_23_30frame_05161323_0565.MP4,180,0.703213551922787,0.8257491271472297,0.5326097551279005,0.9213051823416507,0.9793233082706767
zeroshot,best_model_resnet50_ssl_bs16_ep30.pth,driver_23_30frame_05161326_0566.MP4,180,0.6729756052181277,0.8045253058312025,0.5804063848432577,0.9131175468483816,0.9783333333333334
zeroshot,best_model_resnet50_ssl_bs16_ep30.pth,driver_23_30frame_05161335_0569.MP4,180,0.5059636288414717,0.6719466780624793,1.0717822087167228,0.9481037924151696,0.9690522243713733
zeroshot,best_model_resnet50_ssl_bs16_ep30.pth,driver_23_30frame_05161338_0570.MP4,179,0.3771445741690356,0.5477196530314957,1.4978498644583453,0.799249530956848,0.9833948339483395
zeroshot,best_model_resnet50_ssl_bs16_ep30.pth,driver_23_30frame_05161344_0572.MP4,177,0.6049968538486606,0.753891638351719,0.662243298657728,0.9328493647912885,0.9451114922813036
zeroshot,best_model_resnet50_ssl_bs16_ep30.pth,driver_23_30frame_05161347_0573.MP4,179,0.5453733423875275,0.7058143523363124,1.0422066957049978,0.8388429752066116,0.9546351084812623
zeroshot,best_model_resnet50_ssl_bs16_ep30.pth,driver_23_30frame_05161356_0576.MP4,169,0.46072926027254696,0.6308208821483905,1.572760242313727,0.8325123152709359,0.9002217294900222
zeroshot,best_model_resnet50_ssl_bs16_ep30.pth,driver_23_30frame_05161359_0577.MP4,51,0.49527536567480995,0.6624537219621681,1.242691781053253,0.918918918918919,0.9487179487179487
zeroshot,best_model_resnet50_ssl_bs16_ep30.pth,driver_23_30frame_05161442_0587.MP4,167,0.6475217893063401,0.7860555089580546,0.8186702800163346,0.8863636363636364,0.9611650485436893
zeroshot,best_model_resnet50_ssl_bs16_ep30.pth,driver_23_30frame_05161543_0604.MP4,178,0.5508001155314295,0.7103431448258318,1.0566511740480422,0.8744292237442922,0.8455598455598455
zeroshot,best_model_resnet50_ssl_bs16_ep30.pth,driver_23_30frame_05161601_0610.MP4,170,0.5548891305029177,0.7137346574973391,1.2022619967179082,0.8976377952755905,0.8985849056603774
zeroshot,best_model_resnet50_ssl_bs16_ep30.pth,driver_23_30frame_05161619_0616.MP4,148,0.6661726601720304,0.7996442098662798,0.5217645617810547,0.9254901960784314,0.9659090909090909
zeroshot,best_model_resnet50_ssl_bs16_ep30.pth,driver_23_30frame_05161641_0623.MP4,161,0.5084889390502371,0.6741699271197678,1.3539384134276595,0.9568965517241379,0.9830508474576272
zeroshot,best_model_resnet50_ssl_bs16_ep30.pth,driver_23_30frame_05161702_0630.MP4,172,0.3506043419815473,0.519181422839432,2.6454371669071435,0.7756410256410257,0.9
zeroshot,best_model_resnet50_ssl_bs16_ep30.pth,driver_23_30frame_05161708_0632.MP4,119,0.27407467573388755,0.43023329943516236,3.4350951253899247,0.5492957746478874,0.8328445747800587
zeroshot,best_model_resnet50_ssl_bs16_ep30.pth,driver_23_30frame_05161723_0637.MP4,172,0.4775346184735958,0.6463938137259009,1.259746835496216,0.9121140142517815,0.7571942446043165
zeroshot,best_model_resnet50_ssl_bs16_ep30.pth,driver_23_30frame_05161732_0640.MP4,154,0.40725673068483204,0.5787952145542673,1.459444079712469,0.8237791932059448,0.8471223021582733
zeroshot,best_model_resnet50_ssl_bs16_ep30.pth,driver_23_30frame_05161741_0643.MP4,155,0.4607068449219466,0.6307998713411446,1.0252519139431193,0.8107476635514018,0.8681541582150102
zeroshot,best_model_resnet50_ssl_bs16_ep30.pth,driver_23_30frame_05161841_0663.MP4,167,0.581348701500105,0.7352568107826234,0.6656125272951385,0.8955555555555555,0.8364312267657993
zeroshot,best_model_resnet50_ssl_bs16_ep30.pth,driver_23_30frame_05170617_0671.MP4,163,0.5118192692263356,0.6770905486450851,0.9706083269598267,0.905940594059406,0.8801742919389978
zeroshot,best_model_resnet50_ssl_bs16_ep30.pth,driver_23_30frame_05170626_0674.MP4,180,0.7347342872637537,0.8470856806810122,0.513778300300956,0.8997912317327766,0.8677536231884058
zeroshot,best_model_resnet50_ssl_bs16_ep30.pth,driver_23_30frame_05170650_0682.MP4,180,0.7134612398915633,0.8327719627164893,0.44700965491783506,0.9540412044374009,0.9782945736434109
zeroshot,best_model_resnet50_ssl_bs16_ep30.pth,driver_23_30frame_05170653_0683.MP4,180,0.6697783728200298,0.802236253292543,0.5915016531997139,0.9694072657743786,0.9631675874769797
zeroshot,best_model_resnet50_ssl_bs16_ep30.pth,driver_23_30frame_05170759_0705.MP4,172,0.4975797337685782,0.664511842072603,1.2254177600094707,0.868,0.9881422924901185
zeroshot,best_model_resnet50_ssl_bs16_ep30.pth,driver_23_30frame_05170820_0712.MP4,180,0.4913381408269054,0.6589225171354796,0.8946218095565825,0.9114139693356048,0.8893939393939394
zeroshot,best_model_resnet50_ssl_bs16_ep30.pth,driver_23_30frame_05170859_0725.MP4,171,0.6478209544420538,0.7862759029683581,0.5497100325538966,0.9527439024390244,0.9704142011834319
zeroshot,best_model_resnet50_ssl_bs16_ep30.pth,driver_23_30frame_05170941_0739.MP4,180,0.5041120323559151,0.6703118138963574,0.9877584753882438,0.8694779116465864,0.9651162790697675
zeroshot,best_model_resnet50_ssl_bs16_ep30.pth,driver_23_30frame_05170950_0742.MP4,144,0.5410925150374067,0.7022193797680899,0.9489890931263041,0.8755656108597285,0.9246861924686193
zeroshot,best_model_resnet50_ssl_bs16_ep30.pth,driver_23_30frame_05170956_0744.MP4,157,0.49941581860300405,0.6661471920021579,1.1914162719962178,0.7936962750716332,0.8078703703703703
zeroshot,best_model_resnet50_ssl_bs16_ep30.pth,driver_23_30frame_05171005_0747.MP4,147,0.6368333727763045,0.7781285295963187,0.6341157864294331,0.9408284023668639,0.9423791821561338
zeroshot,best_model_resnet50_ssl_bs16_ep30.pth,driver_23_30frame_05171020_0752.MP4,155,0.45167827157619644,0.6222842628701404,1.2559430367166193,0.7983367983367984,0.9144486692015209
zeroshot,best_model_resnet50_ssl_bs16_ep30.pth,driver_23_30frame_05171023_0753.MP4,180,0.34270599286699205,0.5104706386768029,2.2579215700821678,0.7052023121387283,0.8678929765886287
zeroshot,best_model_resnet50_ssl_bs16_ep30.pth,driver_23_30frame_05171029_0755.MP4,130,0.5861428216615,0.7390794998492124,1.460795038066749,0.7603833865814696,0.8792134831460674
zeroshot,best_model_resnet50_ssl_bs16_ep30.pth,driver_23_30frame_05171053_0763.MP4,180,0.7202490244273839,0.8373776287036487,0.6426260919858109,0.8513761467889909,0.9511343804537522
zeroshot,best_model_resnet50_ssl_bs16_ep30.pth,driver_23_30frame_05171056_0764.MP4,171,0.4702844729241001,0.6397190225219462,1.7716396959004754,0.7356020942408377,0.8322440087145969
zeroshot,best_model_resnet50_ssl_bs16_ep30.pth,driver_23_30frame_05171102_0766.MP4,165,0.603030284236444,0.7523629343330587,0.7703978588794627,0.8820960698689956,0.9621848739495799
ft_ctrl_s1_slope,thai_ft_ctrl_s1_best_slope.pth,ALL,8338,0.5051060265937727,0.6711899596028932,1.1028978495582642,0.8413415999311117,0.8995352439969017
ft_ctrl_s1_slope,thai_ft_ctrl_s1_best_slope.pth,driver_23_30frame_05151652_0423.MP4,159,0.5276090718493128,0.6907645176662809,0.9011189654526106,0.8425357873210634,0.9296577946768061
ft_ctrl_s1_slope,thai_ft_ctrl_s1_best_slope.pth,driver_23_30frame_05160636_0429.MP4,154,0.23007120876507053,0.3740778698430808,2.941858253171027,0.6041666666666666,0.8323699421965318
ft_ctrl_s1_slope,thai_ft_ctrl_s1_best_slope.pth,driver_23_30frame_05160811_0461.MP4,131,0.4566744046836903,0.6270095818466103,1.3372154716952878,0.9440203562340967,0.8361702127659575
ft_ctrl_s1_slope,thai_ft_ctrl_s1_best_slope.pth,driver_23_30frame_05160814_0462.MP4,122,0.5168799192713968,0.6815040699064298,0.9162546646760745,0.9353932584269663,0.89
ft_ctrl_s1_slope,thai_ft_ctrl_s1_best_slope.pth,driver_23_30frame_05160826_0466.MP4,132,0.40204342242302266,0.573510657363533,1.5802277117660815,0.8171021377672208,0.9092872570194385
ft_ctrl_s1_slope,thai_ft_ctrl_s1_best_slope.pth,driver_23_30frame_05160835_0469.MP4,118,0.2708909518029787,0.4263008583367015,2.6398150916780665,0.6690140845070423,0.890282131661442
ft_ctrl_s1_slope,thai_ft_ctrl_s1_best_slope.pth,driver_23_30frame_05160929_0487.MP4,164,0.59370287928688,0.7450609357655663,0.7236668318645485,0.9092436974789916,0.9550561797752809
ft_ctrl_s1_slope,thai_ft_ctrl_s1_best_slope.pth,driver_23_30frame_05160938_0490.MP4,168,0.4646568344368035,0.6344924265013592,1.7952292145845945,0.7111111111111111,0.8367768595041323
ft_ctrl_s1_slope,thai_ft_ctrl_s1_best_slope.pth,driver_23_30frame_05160956_0496.MP4,177,0.32149943861201946,0.4865676506827618,1.7804426145655938,0.8091603053435115,0.9544626593806922
ft_ctrl_s1_slope,thai_ft_ctrl_s1_best_slope.pth,driver_23_30frame_05161120_0524.MP4,180,0.6566332798517733,0.7927322091591995,1.139826696861384,0.9699248120300752,0.99812382739212
ft_ctrl_s1_slope,thai_ft_ctrl_s1_best_slope.pth,driver_23_30frame_05161123_0525.MP4,163,0.4684104026052823,0.6379829532319022,6.887643983605344,0.46111111111111114,0.861244019138756
ft_ctrl_s1_slope,thai_ft_ctrl_s1_best_slope.pth,driver_23_30frame_05161138_0530.MP4,158,0.6835912849859057,0.8120632258934846,0.394651132290079,0.9920760697305864,0.9984177215189873
ft_ctrl_s1_slope,thai_ft_ctrl_s1_best_slope.pth,driver_23_30frame_05161159_0537.MP4,180,0.4697097462128839,0.6391870876861527,2.825851674798958,0.6417910447761194,0.8589743589743589
ft_ctrl_s1_slope,thai_ft_ctrl_s1_best_slope.pth,driver_23_30frame_05161208_0540.MP4,166,0.5692749448227606,0.7255260739373578,0.7477378939493082,0.9202898550724637,0.9517241379310345
ft_ctrl_s1_slope,thai_ft_ctrl_s1_best_slope.pth,driver_23_30frame_05161256_0556.MP4,96,0.5049127854099554,0.6710193312264424,1.3029261898315916,0.8178294573643411,0.8543046357615894
ft_ctrl_s1_slope,thai_ft_ctrl_s1_best_slope.pth,driver_23_30frame_05161320_0564.MP4,177,0.5569191973890955,0.7154118188317434,0.9443350667747445,0.8693877551020408,0.8957952468007313
ft_ctrl_s1_slope,thai_ft_ctrl_s1_best_slope.pth,driver_23_30frame_05161323_0565.MP4,180,0.667393243576805,0.8005229074158269,0.5963231989447024,0.9090909090909091,0.9718045112781954
ft_ctrl_s1_slope,thai_ft_ctrl_s1_best_slope.pth,driver_23_30frame_05161326_0566.MP4,180,0.6267972350873234,0.7705904848721704,0.6699617853676969,0.9061946902654867,0.9416666666666667
ft_ctrl_s1_slope,thai_ft_ctrl_s1_best_slope.pth,driver_23_30frame_05161335_0569.MP4,180,0.49326901612530083,0.6606566007847985,0.9609306997659637,0.9198396793587175,0.965183752417795
ft_ctrl_s1_slope,thai_ft_ctrl_s1_best_slope.pth,driver_23_30frame_05161338_0570.MP4,179,0.37131418822291357,0.5415450250742315,1.1520248032268405,0.9150743099787686,0.8690036900369004
ft_ctrl_s1_slope,thai_ft_ctrl_s1_best_slope.pth,driver_23_30frame_05161344_0572.MP4,177,0.552411632126541,0.7116819027822286,0.9902791585685407,0.9159049360146252,0.9382504288164666
ft_ctrl_s1_slope,thai_ft_ctrl_s1_best_slope.pth,driver_23_30frame_05161347_0573.MP4,179,0.5218756834458331,0.6858322123449683,1.3133731776550768,0.7986870897155361,0.9013806706114399
ft_ctrl_s1_slope,thai_ft_ctrl_s1_best_slope.pth,driver_23_30frame_05161356_0576.MP4,169,0.434106560601018,0.6054034930557585,2.1831923636924095,0.7661691542288557,0.8913525498891353
ft_ctrl_s1_slope,thai_ft_ctrl_s1_best_slope.pth,driver_23_30frame_05161359_0577.MP4,51,0.4584809196787087,0.6287102059308507,1.4317606949882133,0.8918918918918919,0.9487179487179487
ft_ctrl_s1_slope,thai_ft_ctrl_s1_best_slope.pth,driver_23_30frame_05161442_0587.MP4,167,0.6009686296627247,0.7507562840745111,0.9356178348378847,0.8695652173913043,0.9490291262135923
ft_ctrl_s1_slope,thai_ft_ctrl_s1_best_slope.pth,driver_23_30frame_05161543_0604.MP4,178,0.5309671876224206,0.693636273742755,1.1529677823611522,0.8310502283105022,0.8455598455598455
ft_ctrl_s1_slope,thai_ft_ctrl_s1_best_slope.pth,driver_23_30frame_05161601_0610.MP4,170,0.5152129581276571,0.6800535269501705,1.1473381293800173,0.8492307692307692,0.7665094339622641
ft_ctrl_s1_slope,thai_ft_ctrl_s1_best_slope.pth,driver_23_30frame_05161619_0616.MP4,148,0.5850814425893283,0.7382351806902258,1.0227445451505197,0.9176706827309237,0.9431818181818182
ft_ctrl_s1_slope,thai_ft_ctrl_s1_best_slope.pth,driver_23_30frame_05161641_0623.MP4,161,0.4656325457943627,0.6354014819478413,1.2604045540492592,0.9394812680115274,0.980225988700565
ft_ctrl_s1_slope,thai_ft_ctrl_s1_best_slope.pth,driver_23_30frame_05161702_0630.MP4,172,0.30105693123897276,0.4627882516290532,3.0268895532751507,0.777542372881356,0.9076923076923077
ft_ctrl_s1_slope,thai_ft_ctrl_s1_best_slope.pth,driver_23_30frame_05161708_0632.MP4,119,0.25571300533758007,0.4072793771357578,3.5159007727061216,0.5892857142857143,0.8211143695014663
ft_ctrl_s1_slope,thai_ft_ctrl_s1_best_slope.pth,driver_23_30frame_05161723_0637.MP4,172,0.4512555452010784,0.6218829574064502,1.9064398799016544,0.8382352941176471,0.7338129496402878
ft_ctrl_s1_slope,thai_ft_ctrl_s1_best_slope.pth,driver_23_30frame_05161732_0640.MP4,154,0.37644344912241195,0.5469798986110522,1.8994540591692193,0.771551724137931,0.8345323741007195
ft_ctrl_s1_slope,thai_ft_ctrl_s1_best_slope.pth,driver_23_30frame_05161741_0643.MP4,155,0.41912360029192447,0.5906794872634175,1.640939930168841,0.7575757575757576,0.8701825557809331
ft_ctrl_s1_slope,thai_ft_ctrl_s1_best_slope.pth,driver_23_30frame_05161841_0663.MP4,167,0.5547540301384265,0.7136228874596123,0.6217889320951429,0.8914027149321267,0.8215613382899628
ft_ctrl_s1_slope,thai_ft_ctrl_s1_best_slope.pth,driver_23_30frame_05170617_0671.MP4,163,0.4772524645333923,0.6461352761176651,1.1674604408172797,0.855036855036855,0.8867102396514162
ft_ctrl_s1_slope,thai_ft_ctrl_s1_best_slope.pth,driver_23_30frame_05170626_0674.MP4,180,0.7039977694278848,0.8262895434003429,0.6012818794953283,0.8121085594989561,0.8677536231884058
ft_ctrl_s1_slope,thai_ft_ctrl_s1_best_slope.pth,driver_23_30frame_05170650_0682.MP4,180,0.6875423969685565,0.8148445908128106,0.5366220570254558,0.9423076923076923,0.9674418604651163
ft_ctrl_s1_slope,thai_ft_ctrl_s1_best_slope.pth,driver_23_30frame_05170653_0683.MP4,180,0.6510055877696603,0.7886170617376314,0.6913440452299113,0.9516441005802708,0.9521178637200737
ft_ctrl_s1_slope,thai_ft_ctrl_s1_best_slope.pth,driver_23_30frame_05170759_0705.MP4,172,0.4543017005353912,0.6247695376662808,1.2866910506101519,0.8545454545454545,0.9782608695652174
ft_ctrl_s1_slope,thai_ft_ctrl_s1_best_slope.pth,driver_23_30frame_05170820_0712.MP4,180,0.4676583058976184,0.6372849920426118,0.9221610727384615,0.8947368421052632,0.8636363636363636
ft_ctrl_s1_slope,thai_ft_ctrl_s1_best_slope.pth,driver_23_30frame_05170859_0725.MP4,171,0.6027930984096899,0.7521783054940632,0.5486029417761173,0.9468085106382979,0.9733727810650887
ft_ctrl_s1_slope,thai_ft_ctrl_s1_best_slope.pth,driver_23_30frame_05170941_0739.MP4,180,0.48563022033395753,0.6537699808298081,1.0895963136388644,0.8562753036437247,0.9573643410852714
ft_ctrl_s1_slope,thai_ft_ctrl_s1_best_slope.pth,driver_23_30frame_05170950_0742.MP4,144,0.5135590696191513,0.678611201805788,1.1825225288000283,0.8527315914489311,0.8807531380753139
ft_ctrl_s1_slope,thai_ft_ctrl_s1_best_slope.pth,driver_23_30frame_05170956_0744.MP4,157,0.45224857788438605,0.6228252997062184,1.7702028642125356,0.6837060702875399,0.7245370370370371
ft_ctrl_s1_slope,thai_ft_ctrl_s1_best_slope.pth,driver_23_30frame_05171005_0747.MP4,147,0.5809214006442123,0.7349149684576243,0.7740754057009553,0.9089108910891089,0.9386617100371747
ft_ctrl_s1_slope,thai_ft_ctrl_s1_best_slope.pth,driver_23_30frame_05171020_0752.MP4,155,0.4303492684607689,0.6017401175362957,1.5195794623707144,0.7906976744186046,0.8992395437262357
ft_ctrl_s1_slope,thai_ft_ctrl_s1_best_slope.pth,driver_23_30frame_05171023_0753.MP4,180,0.3351383579477624,0.5020279073741881,2.2529023575815756,0.7223300970873786,0.8612040133779264
ft_ctrl_s1_slope,thai_ft_ctrl_s1_best_slope.pth,driver_23_30frame_05171029_0755.MP4,130,0.5561402757557592,0.7147688218347317,2.142937308301782,0.7287066246056783,0.8904494382022472
ft_ctrl_s1_slope,thai_ft_ctrl_s1_best_slope.pth,driver_23_30frame_05171053_0763.MP4,180,0.6988370565649923,0.8227240556878646,0.7057963856183136,0.8043912175648703,0.8743455497382199
ft_ctrl_s1_slope,thai_ft_ctrl_s1_best_slope.pth,driver_23_30frame_05171056_0764.MP4,171,0.4423227328677422,0.6133477935112075,1.9605547078675727,0.6861702127659575,0.8191721132897604
ft_ctrl_s1_slope,thai_ft_ctrl_s1_best_slope.pth,driver_23_30frame_05171102_0766.MP4,165,0.5748831696290287,0.7300645288684432,0.8728493006430931,0.8536585365853658,0.9474789915966386
ft_rh_s1_slope,thai_ft_rh_s1_best_slope.pth,ALL,8338,0.5247683565686511,0.6883253502841484,1.0190683234690994,0.8409160842234823,0.8810611928737413
ft_rh_s1_slope,thai_ft_rh_s1_best_slope.pth,driver_23_30frame_05151652_0423.MP4,159,0.5772961243882425,0.7320072819073818,0.6635898468420462,0.8628318584070797,0.8593155893536122
ft_rh_s1_slope,thai_ft_rh_s1_best_slope.pth,driver_23_30frame_05160636_0429.MP4,154,0.2292346906233833,0.37297139817479646,2.6799598759171595,0.6205673758865248,0.815028901734104
ft_rh_s1_slope,thai_ft_rh_s1_best_slope.pth,driver_23_30frame_05160811_0461.MP4,131,0.5217692994112829,0.6857403413423263,0.8157168923245592,0.9538461538461539,0.9680851063829787
ft_rh_s1_slope,thai_ft_rh_s1_best_slope.pth,driver_23_30frame_05160814_0462.MP4,122,0.5252703196437212,0.6887570194985712,0.6240480100460069,0.9489247311827957,0.93
ft_rh_s1_slope,thai_ft_rh_s1_best_slope.pth,driver_23_30frame_05160826_0466.MP4,132,0.44373664153307024,0.6147057971208332,1.2289336585687103,0.8131313131313131,0.8552915766738661
ft_rh_s1_slope,thai_ft_rh_s1_best_slope.pth,driver_23_30frame_05160835_0469.MP4,118,0.28535798971831555,0.4440132507844781,2.3205722110715055,0.7316176470588235,0.8526645768025078
ft_rh_s1_slope,thai_ft_rh_s1_best_slope.pth,driver_23_30frame_05160929_0487.MP4,164,0.6484044936960887,0.7867055642905,0.4952343812401132,0.9463667820069204,0.92776886035313
ft_rh_s1_slope,thai_ft_rh_s1_best_slope.pth,driver_23_30frame_05160938_0490.MP4,168,0.4906589007734947,0.6583114359950416,1.632843316422509,0.727735368956743,0.8119834710743802
ft_rh_s1_slope,thai_ft_rh_s1_best_slope.pth,driver_23_30frame_05160956_0496.MP4,177,0.35211483338844507,0.5208356933797309,1.2664505008661777,0.8509803921568627,0.9289617486338798
ft_rh_s1_slope,thai_ft_rh_s1_best_slope.pth,driver_23_30frame_05161120_0524.MP4,180,0.6449072321090497,0.784125961051517,1.1524845071966823,0.9887429643527205,1.0
ft_rh_s1_slope,thai_ft_rh_s1_best_slope.pth,driver_23_30frame_05161123_0525.MP4,163,0.4817083078104536,0.6502066638504341,6.577755258281059,0.4463768115942029,0.8253588516746412
ft_rh_s1_slope,thai_ft_rh_s1_best_slope.pth,driver_23_30frame_05161138_0530.MP4,158,0.7225332743419807,0.8389193812444561,0.341748650725755,0.993660855784469,0.9984177215189873
ft_rh_s1_slope,thai_ft_rh_s1_best_slope.pth,driver_23_30frame_05161159_0537.MP4,180,0.4798340590469517,0.6484971150832631,3.242335592518579,0.6027397260273972,0.8021978021978022
ft_rh_s1_slope,thai_ft_rh_s1_best_slope.pth,driver_23_30frame_05161208_0540.MP4,166,0.593123710872218,0.7446047118933271,0.86394249766402,0.9176029962546817,0.9206896551724137
ft_rh_s1_slope,thai_ft_rh_s1_best_slope.pth,driver_23_30frame_05161256_0556.MP4,96,0.5317173440307214,0.694276063534679,1.3941098726247247,0.7478260869565218,0.7615894039735099
ft_rh_s1_slope,thai_ft_rh_s1_best_slope.pth,driver_23_30frame_05161320_0564.MP4,177,0.5686567809988567,0.7250238393598876,0.9080475257475911,0.869653767820774,0.8976234003656307
ft_rh_s1_slope,thai_ft_rh_s1_best_slope.pth,driver_23_30frame_05161323_0565.MP4,180,0.6866284892837015,0.8142024087062675,0.5317110240771683,0.8872950819672131,0.9172932330827067
ft_rh_s1_slope,thai_ft_rh_s1_best_slope.pth,driver_23_30frame_05161326_0566.MP4,180,0.6467481627753315,0.7854852094510196,0.6572687659721765,0.9084507042253521,0.9466666666666667
ft_rh_s1_slope,thai_ft_rh_s1_best_slope.pth,driver_23_30frame_05161335_0569.MP4,180,0.49698026794851213,0.663977045775737,1.150942662557636,0.93158953722334,0.9613152804642167
ft_rh_s1_slope,thai_ft_rh_s1_best_slope.pth,driver_23_30frame_05161338_0570.MP4,179,0.35743448265772987,0.5266323895911449,1.5155345032270535,0.8648648648648649,0.955719557195572
ft_rh_s1_slope,thai_ft_rh_s1_best_slope.pth,driver_23_30frame_05161344_0572.MP4,177,0.588975163205521,0.7413270853363765,0.7821757650136334,0.9222222222222223,0.9262435677530018
ft_rh_s1_slope,thai_ft_rh_s1_best_slope.pth,driver_23_30frame_05161347_0573.MP4,179,0.5389496340344512,0.7004123099487818,1.2645510300648297,0.8018018018018018,0.8757396449704142
ft_rh_s1_slope,thai_ft_rh_s1_best_slope.pth,driver_23_30frame_05161356_0576.MP4,169,0.4422478468185169,0.6132757941626749,2.089745794168815,0.8275,0.8869179600886918
ft_rh_s1_slope,thai_ft_rh_s1_best_slope.pth,driver_23_30frame_05161359_0577.MP4,51,0.4887531498779565,0.6565939422771639,1.3008182049747319,0.9090909090909091,0.9401709401709402
ft_rh_s1_slope,thai_ft_rh_s1_best_slope.pth,driver_23_30frame_05161442_0587.MP4,167,0.632231798495435,0.774683839731852,0.7479853505435408,0.8854166666666666,0.9320388349514563
ft_rh_s1_slope,thai_ft_rh_s1_best_slope.pth,driver_23_30frame_05161543_0604.MP4,178,0.5401459976062787,0.7014218112383928,1.0621502183084601,0.8418491484184915,0.7934362934362934
ft_rh_s1_slope,thai_ft_rh_s1_best_slope.pth,driver_23_30frame_05161601_0610.MP4,170,0.5214465525645702,0.6854615453768166,1.3539122462593411,0.778816199376947,0.7570754716981132
ft_rh_s1_slope,thai_ft_rh_s1_best_slope.pth,driver_23_30frame_05161619_0616.MP4,148,0.6585726408509968,0.7941438615713446,0.562824868336314,0.9139344262295082,0.9242424242424242
ft_rh_s1_slope,thai_ft_rh_s1_best_slope.pth,driver_23_30frame_05161641_0623.MP4,161,0.43492540507957445,0.6061993237278498,1.162567410542973,0.9298245614035088,0.9661016949152542
ft_rh_s1_slope,thai_ft_rh_s1_best_slope.pth,driver_23_30frame_05161702_0630.MP4,172,0.3100012380607383,0.4732838856238777,3.25002363384462,0.6575963718820862,0.8480769230769231
ft_rh_s1_slope,thai_ft_rh_s1_best_slope.pth,driver_23_30frame_05161708_0632.MP4,119,0.3131281168314152,0.47691936958443165,3.4730066006557365,0.5830721003134797,0.9354838709677419
ft_rh_s1_slope,thai_ft_rh_s1_best_slope.pth,driver_23_30frame_05161723_0637.MP4,172,0.47072399297220374,0.6401255371117078,1.4884149705874812,0.8781725888324873,0.7086330935251799
ft_rh_s1_slope,thai_ft_rh_s1_best_slope.pth,driver_23_30frame_05161732_0640.MP4,154,0.3973900215146052,0.5687603537971189,1.7040338080980284,0.7313084112149533,0.7697841726618705
ft_rh_s1_slope,thai_ft_rh_s1_best_slope.pth,driver_23_30frame_05161741_0643.MP4,155,0.4439008920512506,0.6148633808524505,1.3482262502332958,0.7764127764127764,0.8255578093306288
ft_rh_s1_slope,thai_ft_rh_s1_best_slope.pth,driver_23_30frame_05161841_0663.MP4,167,0.5758889798618139,0.7308750644506852,0.6633775857800721,0.8732057416267942,0.7769516728624535
ft_rh_s1_slope,thai_ft_rh_s1_best_slope.pth,driver_23_30frame_05170617_0671.MP4,163,0.5031788793103448,0.669486361518334,1.1769673411636177,0.8221024258760108,0.8082788671023965
ft_rh_s1_slope,thai_ft_rh_s1_best_slope.pth,driver_23_30frame_05170626_0674.MP4,180,0.7341381623540917,0.8466893564668452,0.6434655770860083,0.7755102040816326,0.7101449275362319
ft_rh_s1_slope,thai_ft_rh_s1_best_slope.pth,driver_23_30frame_05170650_0682.MP4,180,0.7118927105399911,0.8317024848075149,0.4915002794467114,0.9565217391304348,0.9627906976744186
ft_rh_s1_slope,thai_ft_rh_s1_best_slope.pth,driver_23_30frame_05170653_0683.MP4,180,0.6655884823093191,0.7992232047456145,0.6243241673020563,0.9420849420849421,0.9539594843462247
ft_rh_s1_slope,thai_ft_rh_s1_best_slope.pth,driver_23_30frame_05170759_0705.MP4,172,0.47920439719208935,0.6479218127011286,1.3695673336893481,0.8442622950819673,0.9644268774703557
ft_rh_s1_slope,thai_ft_rh_s1_best_slope.pth,driver_23_30frame_05170820_0712.MP4,180,0.49415799569842467,0.6614534702769996,0.878183324787214,0.8966101694915254,0.8939393939393939
ft_rh_s1_slope,thai_ft_rh_s1_best_slope.pth,driver_23_30frame_05170859_0725.MP4,171,0.642008665587895,0.7819796314631922,0.5558935063988031,0.9588414634146342,0.9704142011834319
ft_rh_s1_slope,thai_ft_rh_s1_best_slope.pth,driver_23_30frame_05170941_0739.MP4,180,0.489353499777921,0.6571354615957715,0.9600689433944751,0.8430583501006036,0.9631782945736435
ft_rh_s1_slope,thai_ft_rh_s1_best_slope.pth,driver_23_30frame_05170950_0742.MP4,144,0.528357373869559,0.6914055349919134,1.037103568444664,0.8313253012048193,0.8682008368200836
ft_rh_s1_slope,thai_ft_rh_s1_best_slope.pth,driver_23_30frame_05170956_0744.MP4,157,0.49191287802052525,0.659439147241891,1.5954708822576222,0.707395498392283,0.7199074074074074
ft_rh_s1_slope,thai_ft_rh_s1_best_slope.pth,driver_23_30frame_05171005_0747.MP4,147,0.6128881377863572,0.7599884002216405,0.6016372627888273,0.916,0.929368029739777
ft_rh_s1_slope,thai_ft_rh_s1_best_slope.pth,driver_23_30frame_05171020_0752.MP4,155,0.4304421964518538,0.6018309548187909,1.2916180234668602,0.7983193277310925,0.9049429657794676
ft_rh_s1_slope,thai_ft_rh_s1_best_slope.pth,driver_23_30frame_05171023_0753.MP4,180,0.3333936594973877,0.5000678638640862,2.2792658994440274,0.7045009784735812,0.8545150501672241
ft_rh_s1_slope,thai_ft_rh_s1_best_slope.pth,driver_23_30frame_05171029_0755.MP4,130,0.5751170247440106,0.7302530741644153,2.0729531268902974,0.6713286713286714,0.8033707865168539
ft_rh_s1_slope,thai_ft_rh_s1_best_slope.pth,driver_23_30frame_05171053_0763.MP4,180,0.713523649638217,0.8328144753518472,0.7919505602971917,0.8165680473372781,0.8848167539267016
ft_rh_s1_slope,thai_ft_rh_s1_best_slope.pth,driver_23_30frame_05171056_0764.MP4,171,0.45004443612891154,0.6207319236786504,2.1720614969166654,0.6882352941176471,0.7407407407407407
ft_rh_s1_slope,thai_ft_rh_s1_best_slope.pth,driver_23_30frame_05171102_0766.MP4,165,0.5965901349237227,0.747330353450073,0.7621670620721535,0.875,0.9243697478991597
ft_frz_s1_slope,thai_ft_frz_s1_best_slope.pth,ALL,8338,0.5026834277373187,0.6690476762550572,0.9472137441894226,0.8554782848984479,0.8409372579395817
ft_frz_s1_slope,thai_ft_frz_s1_best_slope.pth,driver_23_30frame_05151652_0423.MP4,159,0.5215509003896003,0.685551696306781,0.6077392659858276,0.8827292110874201,0.8916349809885932
ft_frz_s1_slope,thai_ft_frz_s1_best_slope.pth,driver_23_30frame_05160636_0429.MP4,154,0.25723635889430213,0.40920922637097934,2.323794940784257,0.6985294117647058,0.7861271676300579
ft_frz_s1_slope,thai_ft_frz_s1_best_slope.pth,driver_23_30frame_05160811_0461.MP4,131,0.4632000740197718,0.6331329286325784,0.9462769448866624,0.9723618090452262,0.8468085106382979
ft_frz_s1_slope,thai_ft_frz_s1_best_slope.pth,driver_23_30frame_05160814_0462.MP4,122,0.5226969934137862,0.6865410461498765,0.8630634662466008,0.948509485094851,0.9225
ft_frz_s1_slope,thai_ft_frz_s1_best_slope.pth,driver_23_30frame_05160826_0466.MP4,132,0.3774667855244122,0.5480593644669373,1.1569955019899396,0.8174157303370787,0.7688984881209503
ft_frz_s1_slope,thai_ft_frz_s1_best_slope.pth,driver_23_30frame_05160835_0469.MP4,118,0.28952252093363623,0.4490383319928635,1.9964489596444395,0.7751937984496124,0.8087774294670846
ft_frz_s1_slope,thai_ft_frz_s1_best_slope.pth,driver_23_30frame_05160929_0487.MP4,164,0.6173010088728157,0.7633718219257726,0.338874118836884,0.9447415329768271,0.9004815409309791
ft_frz_s1_slope,thai_ft_frz_s1_best_slope.pth,driver_23_30frame_05160938_0490.MP4,168,0.4641710481771636,0.6340393750512122,1.669951637504596,0.7114285714285714,0.7231404958677686
ft_frz_s1_slope,thai_ft_frz_s1_best_slope.pth,driver_23_30frame_05160956_0496.MP4,177,0.38543014379004814,0.556405020516801,1.3722150730672595,0.875,0.9617486338797814
ft_frz_s1_slope,thai_ft_frz_s1_best_slope.pth,driver_23_30frame_05161120_0524.MP4,180,0.6240488526330088,0.768509951681887,1.031510995177257,0.9868667917448405,1.0
ft_frz_s1_slope,thai_ft_frz_s1_best_slope.pth,driver_23_30frame_05161123_0525.MP4,163,0.48823941799497084,0.6561302060561612,4.642993721841801,0.5099337748344371,0.722488038277512
ft_frz_s1_slope,thai_ft_frz_s1_best_slope.pth,driver_23_30frame_05161138_0530.MP4,158,0.7158474335653644,0.8343952026992317,0.2838078475752184,0.9916666666666667,0.9493670886075949
ft_frz_s1_slope,thai_ft_frz_s1_best_slope.pth,driver_23_30frame_05161159_0537.MP4,180,0.4885100275175192,0.6563745201397639,2.843997897521625,0.6757894736842105,0.86996336996337
ft_frz_s1_slope,thai_ft_frz_s1_best_slope.pth,driver_23_30frame_05161208_0540.MP4,166,0.5697040261492975,0.7258744536023912,0.8909858171532505,0.9292543021032504,0.9017241379310345
ft_frz_s1_slope,thai_ft_frz_s1_best_slope.pth,driver_23_30frame_05161256_0556.MP4,96,0.5118581833107927,0.6771245993323038,1.4063078790990655,0.7570093457943925,0.7086092715231788
ft_frz_s1_slope,thai_ft_frz_s1_best_slope.pth,driver_23_30frame_05161320_0564.MP4,177,0.5492318804001306,0.7090376687294568,0.782839180418712,0.8587443946188341,0.8153564899451554
ft_frz_s1_slope,thai_ft_frz_s1_best_slope.pth,driver_23_30frame_05161323_0565.MP4,180,0.6204352569726899,0.765763709846442,0.579999403331442,0.8985200845665962,0.8890977443609023
ft_frz_s1_slope,thai_ft_frz_s1_best_slope.pth,driver_23_30frame_05161326_0566.MP4,180,0.6015968496623586,0.7512462949576661,0.611483238632843,0.8919925512104283,0.895
ft_frz_s1_slope,thai_ft_frz_s1_best_slope.pth,driver_23_30frame_05161335_0569.MP4,180,0.48286905527103335,0.6512632434463693,1.0922026203757973,0.9184100418410042,0.9245647969052224
ft_frz_s1_slope,thai_ft_frz_s1_best_slope.pth,driver_23_30frame_05161338_0570.MP4,179,0.36061365338470447,0.530075017970944,1.3722349346167704,0.8276643990929705,0.8136531365313653
ft_frz_s1_slope,thai_ft_frz_s1_best_slope.pth,driver_23_30frame_05161344_0572.MP4,177,0.5501421189349145,0.70979571771511,0.7125964649136733,0.9152215799614644,0.8902229845626072
ft_frz_s1_slope,thai_ft_frz_s1_best_slope.pth,driver_23_30frame_05161347_0573.MP4,179,0.5081028374788483,0.6738304906690087,1.106516976483789,0.8037825059101655,0.834319526627219
ft_frz_s1_slope,thai_ft_frz_s1_best_slope.pth,driver_23_30frame_05161356_0576.MP4,169,0.4418961770583583,0.612937580512738,1.5702033344877577,0.8114754098360656,0.811529933481153
ft_frz_s1_slope,thai_ft_frz_s1_best_slope.pth,driver_23_30frame_05161359_0577.MP4,51,0.4750402999001317,0.6441048423318259,1.2765269324506647,0.9065420560747663,0.9145299145299145
ft_frz_s1_slope,thai_ft_frz_s1_best_slope.pth,driver_23_30frame_05161442_0587.MP4,167,0.5847637060746623,0.7379822036978333,0.832605488361736,0.8670076726342711,0.9490291262135923
ft_frz_s1_slope,thai_ft_frz_s1_best_slope.pth,driver_23_30frame_05161543_0604.MP4,178,0.5340749923298059,0.6962827697473956,0.9564595957071447,0.8622327790973872,0.8127413127413128
ft_frz_s1_slope,thai_ft_frz_s1_best_slope.pth,driver_23_30frame_05161601_0610.MP4,170,0.5342901163712614,0.6964655649805099,1.1382994067470236,0.8713826366559485,0.7334905660377359
ft_frz_s1_slope,thai_ft_frz_s1_best_slope.pth,driver_23_30frame_05161619_0616.MP4,148,0.6201954323666264,0.7655810156935257,0.48628669573821526,0.9260042283298098,0.8958333333333334
ft_frz_s1_slope,thai_ft_frz_s1_best_slope.pth,driver_23_30frame_05161641_0623.MP4,161,0.5016519483803793,0.6681334498602565,1.337624864109685,0.9556213017751479,0.9548022598870056
ft_frz_s1_slope,thai_ft_frz_s1_best_slope.pth,driver_23_30frame_05161702_0630.MP4,172,0.30554932869712825,0.4680777998668973,2.4801307672637165,0.7746835443037975,0.7596153846153846
ft_frz_s1_slope,thai_ft_frz_s1_best_slope.pth,driver_23_30frame_05161708_0632.MP4,119,0.24806304110249436,0.39751684479553906,4.8115242907693805,0.525,0.8211143695014663
ft_frz_s1_slope,thai_ft_frz_s1_best_slope.pth,driver_23_30frame_05161723_0637.MP4,172,0.45892393694684586,0.6291266121896062,1.172884112079771,0.875,0.5611510791366906
ft_frz_s1_slope,thai_ft_frz_s1_best_slope.pth,driver_23_30frame_05161732_0640.MP4,154,0.3786371949190117,0.5492920056335123,1.3761249921279557,0.7921760391198044,0.7356115107913669
ft_frz_s1_slope,thai_ft_frz_s1_best_slope.pth,driver_23_30frame_05161741_0643.MP4,155,0.41184365191205285,0.5834125490514407,1.1368104945420754,0.7963446475195822,0.7768762677484787
ft_frz_s1_slope,thai_ft_frz_s1_best_slope.pth,driver_23_30frame_05161841_0663.MP4,167,0.5438744474914009,0.704557871755864,0.7375673745238629,0.8816425120772947,0.7695167286245354
ft_frz_s1_slope,thai_ft_frz_s1_best_slope.pth,driver_23_30frame_05170617_0671.MP4,163,0.4743006413430152,0.6434245879605,0.9731812327315907,0.8666666666666667,0.7843137254901961
ft_frz_s1_slope,thai_ft_frz_s1_best_slope.pth,driver_23_30frame_05170626_0674.MP4,180,0.6603545815517832,0.7954380213587986,0.4835170904686539,0.8858695652173914,0.6666666666666666
ft_frz_s1_slope,thai_ft_frz_s1_best_slope.pth,driver_23_30frame_05170650_0682.MP4,180,0.6277617172899609,0.7713189352248844,0.4778085411178665,0.9582637729549248,0.9286821705426357
ft_frz_s1_slope,thai_ft_frz_s1_best_slope.pth,driver_23_30frame_05170653_0683.MP4,180,0.5833051745441146,0.7368196402340025,0.5958256500574777,0.9557894736842105,0.8747697974217311
ft_frz_s1_slope,thai_ft_frz_s1_best_slope.pth,driver_23_30frame_05170759_0705.MP4,172,0.44000367749126257,0.6111146580650761,1.3299025469532069,0.8304347826086956,0.9090909090909091
ft_frz_s1_slope,thai_ft_frz_s1_best_slope.pth,driver_23_30frame_05170820_0712.MP4,180,0.4431613965900955,0.6141536180737623,0.8883686964171105,0.9177820267686424,0.7924242424242425
ft_frz_s1_slope,thai_ft_frz_s1_best_slope.pth,driver_23_30frame_05170859_0725.MP4,171,0.5662445302392765,0.7230601854395888,0.5166321522526864,0.9629629629629629,0.9186390532544378
ft_frz_s1_slope,thai_ft_frz_s1_best_slope.pth,driver_23_30frame_05170941_0739.MP4,180,0.4961444406083469,0.6632306709726632,0.9875910489749842,0.859504132231405,0.937984496124031
ft_frz_s1_slope,thai_ft_frz_s1_best_slope.pth,driver_23_30frame_05170950_0742.MP4,144,0.49537716658571507,0.6625447782070572,1.0227247965776982,0.8755980861244019,0.8744769874476988
ft_frz_s1_slope,thai_ft_frz_s1_best_slope.pth,driver_23_30frame_05170956_0744.MP4,157,0.46898142272424403,0.6385123943290069,1.5199763178365373,0.703971119133574,0.6412037037037037
ft_frz_s1_slope,thai_ft_frz_s1_best_slope.pth,driver_23_30frame_05171005_0747.MP4,147,0.5733655488111126,0.7288395875254376,0.6956830569036185,0.924643584521385,0.912639405204461
ft_frz_s1_slope,thai_ft_frz_s1_best_slope.pth,driver_23_30frame_05171020_0752.MP4,155,0.4341731224408981,0.6054682180934405,1.2206421195219157,0.8102678571428571,0.8517110266159695
ft_frz_s1_slope,thai_ft_frz_s1_best_slope.pth,driver_23_30frame_05171023_0753.MP4,180,0.3229137579651805,0.488185652346477,2.198103242589905,0.7128514056224899,0.8327759197324415
ft_frz_s1_slope,thai_ft_frz_s1_best_slope.pth,driver_23_30frame_05171029_0755.MP4,130,0.5481229771698639,0.7081129668030534,2.1689456009754906,0.6951672862453532,0.7556179775280899
ft_frz_s1_slope,thai_ft_frz_s1_best_slope.pth,driver_23_30frame_05171053_0763.MP4,180,0.6760177843176909,0.8066952399230043,0.6763820979967647,0.8245283018867925,0.924956369982548
ft_frz_s1_slope,thai_ft_frz_s1_best_slope.pth,driver_23_30frame_05171056_0764.MP4,171,0.4403238107198012,0.6114233583346089,2.26263987735436,0.7050147492625368,0.738562091503268
ft_frz_s1_slope,thai_ft_frz_s1_best_slope.pth,driver_23_30frame_05171102_0766.MP4,165,0.5844980166085071,0.737770587885719,0.8367590486482079,0.8551401869158879,0.8991596638655462
